Length,Time_Diff,FlowID,Protocol_UDP,Actual_App,Predicted_With_FlowID,Predicted_Without_FlowID
1236,0.0,6,True,zoom,zoom,zoom
815,0.0,42,False,google,google,firefox
66,0.0003881454467773,44,False,firefox,firefox,firefox
1078,0.0005481243133544,7,True,zoom,zoom,zoom
66,2.193450927734375e-05,44,False,firefox,firefox,firefox
1132,0.0,6,True,zoom,zoom,zoom
11190,4.601478576660156e-05,28,False,spotify,spotify,youtube
86,2.193450927734375e-05,28,False,spotify,spotify,youtube
1330,0.0009379386901855,6,True,zoom,zoom,zoom
5523,0.0,1,False,firefox,firefox,firefox
1158,1.1920928955078125e-06,6,True,zoom,zoom,zoom
54218,5.698204040527344e-05,28,False,spotify,spotify,spotify
117,1.1920928955078125e-06,42,False,google,google,google
351,0.0021679401397705,16,True,zoom,zoom,zoom
117,0.0006730556488037,42,False,google,google,google
66,3.695487976074219e-05,18,False,zoom,zoom,firefox
1277,0.0,6,True,zoom,zoom,zoom
86,4.410743713378906e-05,35,False,youtube,youtube,youtube
11266,0.0,79,False,firefox,firefox,youtube
1078,0.0,7,True,zoom,zoom,zoom
381,9.5367431640625e-07,35,False,youtube,youtube,firefox
117,9.5367431640625e-07,28,False,spotify,spotify,google
1265,0.0074608325958251,6,True,zoom,zoom,zoom
124,0.000823974609375,35,False,youtube,youtube,youtube
86,3.0994415283203125e-05,42,False,google,google,youtube
86,0.0128939151763916,35,False,youtube,youtube,youtube
343,0.0005898475646972,7,True,zoom,zoom,zoom
1215,0.0,6,True,zoom,zoom,zoom
1266,0.0,6,True,zoom,zoom,zoom
1195,0.0,6,True,zoom,zoom,zoom
148,0.0065369606018066,7,True,zoom,zoom,zoom
878,0.0,79,False,firefox,firefox,firefox
86,0.0023760795593261,28,False,spotify,spotify,youtube
1078,0.0,7,True,zoom,zoom,zoom
86,0.0037300586700439,35,False,youtube,youtube,google
949,0.002925157546997,28,False,spotify,spotify,zoom
330,0.0178029537200927,16,True,zoom,zoom,zoom
302,0.0001239776611328,16,True,zoom,zoom,youtube
86,2.384185791015625e-05,35,False,youtube,youtube,youtube
86,3.504753112792969e-05,28,False,spotify,spotify,spotify
1294,0.0,42,False,google,google,google
1328,0.0,6,True,zoom,zoom,zoom
66,0.000216007232666,3,False,youtube,youtube,zoom
66,0.0078370571136474,1,False,zoom,zoom,firefox
3497,0.0054628849029541,28,False,spotify,spotify,firefox
1045,0.0,6,True,zoom,zoom,zoom
1078,0.0,7,True,zoom,zoom,zoom
125,0.0,42,False,google,google,google
1078,0.0,7,True,zoom,zoom,zoom
1289,0.0,6,True,zoom,zoom,zoom
1237,0.0036368370056152,6,True,zoom,zoom,zoom
328,0.0094637870788574,7,True,zoom,zoom,zoom
1294,0.0,35,False,youtube,youtube,google
1078,0.0005490779876708,7,True,zoom,zoom,zoom
106,0.022252082824707,16,True,zoom,zoom,zoom
132,0.0,35,False,youtube,youtube,youtube
210,0.0,79,False,firefox,firefox,youtube
95,0.0283811092376709,14,True,youtube,youtube,google
1294,0.0,42,False,google,google,google
1078,0.0,7,True,zoom,zoom,zoom
1078,9.5367431640625e-07,7,True,zoom,zoom,zoom
74,2.8848648071289062e-05,0,False,google,google,spotify
172,0.0056378841400146,16,True,zoom,zoom,zoom
1289,0.0028369426727294,6,True,zoom,zoom,zoom
1078,0.0059270858764648,7,True,zoom,zoom,zoom
194,0.0004389286041259,15,True,zoom,zoom,zoom
86,3.600120544433594e-05,35,False,youtube,youtube,google
1078,9.5367431640625e-07,7,True,zoom,zoom,zoom
502,0.0307490825653076,9,False,firefox,firefox,spotify
1294,0.0005130767822265,35,False,youtube,youtube,google
1307,0.0050668716430664,6,True,zoom,zoom,zoom
124,0.0025410652160644,35,False,youtube,youtube,youtube
1078,0.0,7,True,zoom,zoom,zoom
1078,0.0,7,True,zoom,zoom,zoom
86,0.0059800148010253,28,False,spotify,spotify,youtube
1294,0.0,42,False,google,google,google
1046,0.0,6,True,zoom,zoom,zoom
159,0.007267951965332,7,True,zoom,zoom,zoom
172,0.001072883605957,16,True,zoom,zoom,zoom
60,0.0,28,False,spotify,spotify,spotify
146,0.0011429786682128,16,True,zoom,zoom,zoom
146,0.0070018768310546,7,True,zoom,zoom,zoom
147,0.0096769332885742,7,True,zoom,zoom,zoom
1266,0.0003528594970703,6,True,zoom,zoom,zoom
106,0.0099670886993408,7,True,zoom,zoom,zoom
4250,0.0003368854522705,35,False,youtube,youtube,youtube
2862,0.0004398822784423,35,False,youtube,youtube,youtube
1078,0.003951072692871,7,True,zoom,zoom,zoom
1171,0.0027360916137695,6,True,zoom,zoom,zoom
1466,0.0,1,False,firefox,firefox,firefox
1294,9.5367431640625e-07,35,False,youtube,youtube,youtube
1078,0.0103671550750732,7,True,zoom,zoom,zoom
862,0.0008950233459472,35,False,youtube,youtube,spotify
1155,0.0121510028839111,6,True,zoom,zoom,zoom
92,0.0012738704681396,27,True,firefox,firefox,google
135,0.0069048404693603,0,False,youtube,zoom,zoom
4918,0.0,42,False,google,google,youtube
1078,0.003026008605957,7,True,zoom,zoom,zoom
18266,2.288818359375e-05,79,False,firefox,firefox,firefox
86,0.0,84,False,firefox,firefox,youtube
1078,0.0007188320159912,7,True,zoom,zoom,zoom
86,6.4849853515625e-05,35,False,youtube,youtube,youtube
339,0.0031919479370117,7,True,zoom,zoom,zoom
66,4.00543212890625e-05,8,False,firefox,firefox,firefox
1175,0.0024700164794921,6,True,zoom,zoom,zoom
147,0.0071220397949218,7,True,zoom,zoom,zoom
1085,0.0013051033020019,7,True,zoom,zoom,zoom
161,0.0305371284484863,35,False,youtube,youtube,youtube
86,0.000180959701538,28,False,spotify,spotify,youtube
1078,0.0,7,True,zoom,zoom,zoom
316,0.0037710666656494,16,True,zoom,zoom,zoom
1294,0.0,42,False,google,google,google
147,0.0068209171295166,7,True,zoom,zoom,zoom
86,2.288818359375e-05,42,False,google,google,spotify
66,9.679794311523438e-05,44,False,firefox,firefox,firefox
144,0.0002980232238769,10,False,zoom,zoom,google
1175,0.0,6,True,zoom,zoom,zoom
86,0.0022718906402587,35,False,youtube,youtube,youtube
1279,9.5367431640625e-07,6,True,zoom,zoom,zoom
86,0.0,21,False,zoom,zoom,youtube
105,0.0010790824890136,35,True,youtube,youtube,firefox
86,6.103515625e-05,35,False,youtube,youtube,google
341,0.0058629512786865,16,True,zoom,zoom,zoom
1147,0.0,6,True,zoom,zoom,zoom
132,0.0003609657287597,28,False,spotify,spotify,spotify
144,0.0023660659790039,7,True,zoom,zoom,zoom
98,2.193450927734375e-05,35,False,youtube,youtube,spotify
298,0.0002689361572265,7,True,zoom,zoom,zoom
86,0.0,28,False,spotify,spotify,youtube
1295,0.0079398155212402,6,True,zoom,zoom,zoom
531,0.5470590591430664,28,False,spotify,spotify,spotify
4266,0.0019209384918212,79,False,firefox,firefox,google
86,4.291534423828125e-05,35,False,youtube,youtube,spotify
1294,0.0,35,False,youtube,youtube,google
1078,9.5367431640625e-07,7,True,zoom,zoom,zoom
117,0.0003349781036376,42,False,google,google,google
124,0.0019659996032714,35,False,youtube,youtube,youtube
1294,0.0,42,False,google,google,google
86,0.009286880493164,28,False,spotify,spotify,zoom
1294,0.0,35,False,youtube,youtube,google
1078,0.0,7,True,zoom,zoom,zoom
1227,0.0,6,True,zoom,zoom,zoom
151,0.0001189708709716,15,True,zoom,zoom,zoom
1466,0.0,79,False,firefox,firefox,firefox
116,0.0001990795135498,10,False,zoom,zoom,zoom
1156,0.0029101371765136,6,True,zoom,zoom,zoom
795,0.0587539672851562,42,False,google,google,youtube
86,0.0001099109649658,35,False,youtube,youtube,youtube
86,0.0001049041748046,28,False,spotify,spotify,google
1294,0.0,35,False,youtube,youtube,google
1078,0.0,7,True,zoom,zoom,zoom
1078,0.0002079010009765,7,True,zoom,zoom,zoom
377,0.0009710788726806,35,False,youtube,youtube,youtube
98,0.0036449432373046,42,False,google,google,firefox
224,0.0,35,False,youtube,youtube,zoom
1078,9.5367431640625e-07,7,True,zoom,zoom,zoom
1209,0.0011179447174072,6,True,zoom,zoom,zoom
1176,0.0026898384094238,6,True,zoom,zoom,zoom
86,2.5033950805664062e-05,35,False,youtube,youtube,youtube
1240,0.0009889602661132,6,True,zoom,zoom,zoom
305,0.0038690567016601,16,True,zoom,zoom,zoom
86,3.218650817871094e-05,35,False,youtube,youtube,zoom
1230,0.011305809020996,28,False,spotify,spotify,zoom
86,0.0056409835815429,28,False,spotify,spotify,spotify
1078,0.0,7,True,zoom,zoom,zoom
1334,0.0,6,True,zoom,zoom,zoom
7060,0.0,79,False,firefox,firefox,firefox
1272,0.0005648136138916,6,True,zoom,zoom,zoom
66,3.1948089599609375e-05,46,False,firefox,firefox,firefox
86,0.0047328472137451,21,False,zoom,zoom,youtube
156,0.0011780261993408,16,True,zoom,zoom,youtube
74,0.0015809535980224,81,False,firefox,firefox,firefox
353,0.0015978813171386,16,True,zoom,zoom,zoom
86,2.384185791015625e-05,21,False,zoom,zoom,youtube
132,0.0,28,False,spotify,spotify,youtube
316,0.0035161972045898,16,True,zoom,zoom,zoom
352,0.1826131343841552,44,False,firefox,firefox,firefox
1078,0.0,7,True,zoom,zoom,zoom
86,0.0002319812774658,35,False,youtube,youtube,youtube
132,0.0002040863037109,28,False,spotify,spotify,youtube
87,0.0002191066741943,31,True,firefox,firefox,google
1924,0.0001659393310546,28,False,spotify,spotify,youtube
1078,0.0,7,True,zoom,zoom,zoom
1294,0.0,35,False,youtube,youtube,google
86,2.694129943847656e-05,42,False,google,google,youtube
167,0.0070409774780273,7,True,zoom,zoom,zoom
1078,0.0,7,True,zoom,zoom,zoom
86,2.312660217285156e-05,35,False,youtube,youtube,youtube
18130,1.0967254638671877e-05,35,False,youtube,youtube,firefox
158,0.0056180953979492,16,True,zoom,zoom,zoom
1078,0.0,7,True,zoom,zoom,zoom
86,0.0,42,False,google,google,youtube
1176,0.0,6,True,zoom,zoom,zoom
1474,0.0,35,False,youtube,youtube,youtube
196,0.0027799606323242,15,True,zoom,zoom,zoom
1136,0.0005660057067871,35,False,youtube,youtube,zoom
145,0.0023939609527587,7,True,zoom,zoom,zoom
140,0.0,7,True,zoom,zoom,google
321,0.0072450637817382,7,True,zoom,zoom,zoom
1078,0.0005979537963867,7,True,zoom,zoom,zoom
1078,0.0,7,True,zoom,zoom,zoom
139,9.5367431640625e-07,42,False,google,google,zoom
86,7.796287536621094e-05,35,False,youtube,youtube,google
86,0.0016469955444335,35,False,youtube,youtube,zoom
278,0.0028400421142578,16,True,zoom,zoom,zoom
1078,0.0,7,True,zoom,zoom,zoom
1256,0.0003139972686767,6,True,zoom,zoom,zoom
1078,0.0005960464477539,7,True,zoom,zoom,zoom
66,8.702278137207031e-05,8,False,firefox,firefox,firefox
7066,0.0001821517944335,79,False,firefox,firefox,youtube
1247,0.0028910636901855,6,True,zoom,zoom,zoom
145,0.0139780044555664,7,True,zoom,zoom,zoom
123,0.000169038772583,14,True,zoom,zoom,zoom
132,0.0,28,False,spotify,spotify,youtube
1078,9.5367431640625e-07,7,True,zoom,zoom,zoom
148,0.0056991577148437,7,True,zoom,zoom,zoom
1078,0.0061211585998535,7,True,zoom,zoom,zoom
1078,0.0,7,True,zoom,zoom,zoom
1267,0.0,6,True,zoom,zoom,zoom
1241,0.0052700042724609,6,True,zoom,zoom,zoom
315,0.0098171234130859,7,True,zoom,zoom,zoom
1085,0.0050210952758789,7,True,zoom,zoom,zoom
1078,0.0,7,True,zoom,zoom,zoom
172,0.0025300979614257,16,True,zoom,zoom,youtube
86,4.00543212890625e-05,42,False,google,google,zoom
296,0.0031960010528564,7,True,zoom,zoom,zoom
86,0.0038020610809326,42,False,google,google,youtube
204,0.0005619525909423,15,True,zoom,zoom,zoom
86,3.0040740966796875e-05,35,False,youtube,youtube,spotify
86,0.0021140575408935,42,False,google,google,google
1176,0.0,6,True,zoom,zoom,zoom
2862,0.0,35,False,youtube,youtube,youtube
147,0.0088560581207275,16,True,zoom,zoom,zoom
1078,0.0139191150665283,7,True,zoom,zoom,zoom
123,0.000582218170166,14,True,zoom,zoom,zoom
1078,0.0,7,True,zoom,zoom,zoom
312,0.0019640922546386,7,True,zoom,zoom,zoom
341,0.001979112625122,7,True,zoom,zoom,zoom
1078,0.0,7,True,zoom,zoom,zoom
1218,1.1920928955078125e-06,6,True,zoom,zoom,zoom
1202,9.5367431640625e-07,6,True,zoom,zoom,zoom
1670,0.0001358985900878,3,False,firefox,youtube,youtube
485,0.000256061553955,10,False,firefox,zoom,spotify
1078,0.0011570453643798,7,True,zoom,zoom,zoom
66,0.4476449489593506,48,False,firefox,firefox,spotify
130,0.0039029121398925,6,True,zoom,zoom,firefox
12340,0.0033330917358398,35,False,youtube,youtube,spotify
86,0.0027849674224853,42,False,google,google,youtube
1078,0.0,7,True,zoom,zoom,zoom
259,0.0065069198608398,16,True,zoom,zoom,zoom
13580,0.0,35,False,youtube,youtube,youtube
66,0.0001029968261718,8,False,firefox,firefox,firefox
86,0.0,35,False,youtube,youtube,youtube
1466,0.0,1,False,firefox,firefox,firefox
18266,0.0001568794250488,79,False,firefox,firefox,firefox
106,0.0,27,False,spotify,spotify,zoom
1078,0.0,7,True,zoom,zoom,zoom
1244,0.0096678733825683,6,True,zoom,zoom,zoom
86,2.408027648925781e-05,28,False,spotify,spotify,youtube
1146,0.0,6,True,zoom,zoom,zoom
1304,1.1920928955078125e-06,6,True,zoom,zoom,zoom
86,0.0044639110565185,42,False,google,google,google
1078,1.9073486328125e-06,7,True,zoom,zoom,zoom
287,0.0,7,True,zoom,zoom,zoom
86,2.5987625122070312e-05,28,False,spotify,spotify,spotify
1190,0.0013689994812011,6,True,zoom,zoom,zoom
66,0.0039479732513427,1,False,zoom,zoom,firefox
1274,0.0021800994873046,6,True,zoom,zoom,zoom
152,0.0057771205902099,7,True,zoom,zoom,zoom
1117,9.5367431640625e-07,6,True,zoom,zoom,zoom
1078,0.0104069709777832,7,True,zoom,zoom,zoom
1178,0.000169038772583,6,True,zoom,zoom,zoom
1466,0.0,79,False,firefox,firefox,firefox
1146,0.0024371147155761,6,True,zoom,zoom,zoom
66,0.0116260051727294,79,False,firefox,firefox,zoom
145,0.0178980827331542,7,True,zoom,zoom,zoom
1277,0.0,6,True,zoom,zoom,zoom
86,4.1961669921875e-05,35,False,youtube,youtube,youtube
86,7.486343383789062e-05,42,False,google,google,youtube
194,0.0003070831298828,15,True,zoom,zoom,zoom
86,0.0,35,False,youtube,youtube,youtube
66,5.793571472167969e-05,8,False,firefox,firefox,firefox
66,0.0001978874206542,44,False,firefox,firefox,firefox
32988,0.0085649490356445,28,False,spotify,spotify,firefox
339,0.017298936843872,7,True,zoom,zoom,zoom
106,0.0003371238708496,5,True,youtube,zoom,zoom
66,5.197525024414063e-05,10,False,zoom,firefox,firefox
132,0.0,28,False,spotify,spotify,youtube
330,0.0190458297729492,16,True,zoom,zoom,zoom
1078,0.0,7,True,zoom,zoom,zoom
137,0.0053720474243164,7,True,zoom,zoom,zoom
188,0.0059800148010253,7,True,zoom,zoom,zoom
1078,0.0,7,True,zoom,zoom,zoom
1299,9.5367431640625e-07,6,True,zoom,zoom,zoom
10351,0.0003890991210937,79,False,firefox,firefox,google
309,0.0011918544769287,7,True,zoom,zoom,zoom
1294,0.0,35,False,youtube,youtube,google
69,0.0003719329833984,13,True,zoom,zoom,zoom
1302,0.0,6,True,zoom,zoom,zoom
1294,0.001533031463623,42,False,google,google,google
1078,0.0,7,True,zoom,zoom,zoom
86,2.193450927734375e-05,42,False,google,google,youtube
66,5.602836608886719e-05,8,False,firefox,firefox,firefox
335,0.0057141780853271,7,True,zoom,zoom,zoom
175,0.0009360313415527,7,True,zoom,zoom,google
1330,0.0,6,True,zoom,zoom,zoom
1206,0.0032370090484619,6,True,zoom,zoom,zoom
340,0.0055718421936035,16,True,zoom,zoom,zoom
1294,0.0,35,False,youtube,youtube,google
66,0.0029299259185791,79,False,firefox,firefox,firefox
167,5.91278076171875e-05,79,False,firefox,firefox,youtube
86,0.0128149986267089,28,False,spotify,spotify,youtube
1078,0.0,7,True,zoom,zoom,zoom
1078,1.1920928955078125e-06,7,True,zoom,zoom,zoom
1294,0.0,42,False,google,google,google
1466,0.0,79,False,firefox,firefox,firefox
66,0.059028148651123,1,False,spotify,spotify,spotify
125,0.000849962234497,42,False,google,google,google
1202,0.0,6,True,zoom,zoom,zoom
66,1.9073486328125e-06,44,False,firefox,firefox,spotify
197,0.0006418228149414,15,True,zoom,zoom,zoom
1239,9.5367431640625e-07,6,True,zoom,zoom,zoom
1236,0.0101768970489501,6,True,zoom,zoom,zoom
155,0.0,63,True,firefox,firefox,youtube
1466,0.0002448558807373,1,False,firefox,firefox,firefox
1307,0.0,6,True,zoom,zoom,zoom
1078,0.0010108947753906,7,True,zoom,zoom,zoom
86,0.0752081871032714,6,True,youtube,spotify,spotify
98,9.5367431640625e-07,42,False,google,google,youtube
1078,0.0,7,True,zoom,zoom,zoom
197,0.0150139331817626,16,True,zoom,zoom,zoom
4520,2.9802322387695312e-05,35,False,youtube,youtube,youtube
1078,0.0043339729309082,7,True,zoom,zoom,zoom
13966,0.0005819797515869,35,False,youtube,youtube,youtube
1211,0.0,6,True,zoom,zoom,zoom
323,4.0531158447265625e-06,16,True,zoom,zoom,google
1294,0.0022480487823486,42,False,google,google,google
1078,0.0,7,True,zoom,zoom,zoom
86,2.5987625122070312e-05,35,False,youtube,youtube,spotify
210,0.0,35,False,youtube,youtube,youtube
1294,5.507469177246094e-05,35,False,youtube,youtube,google
66,0.0065069198608398,79,False,firefox,firefox,spotify
1209,0.0038659572601318,6,True,zoom,zoom,zoom
314,0.0016300678253173,16,True,zoom,zoom,zoom
105,0.0003819465637207,44,False,firefox,firefox,firefox
1078,0.0001888275146484,7,True,zoom,zoom,zoom
1078,0.0,7,True,zoom,zoom,zoom
382,0.0,35,False,youtube,youtube,youtube
4462,0.0,42,False,google,google,youtube
468,4.0531158447265625e-06,42,False,google,google,google
1178,0.0074748992919921,6,True,zoom,zoom,zoom
2502,0.0,42,False,google,google,google
1474,1.1920928955078125e-06,28,False,spotify,spotify,youtube
1078,0.0002598762512207,7,True,zoom,zoom,zoom
1078,0.0,7,True,zoom,zoom,zoom
66,3.1948089599609375e-05,81,False,firefox,firefox,firefox
1228,0.0027229785919189,6,True,zoom,zoom,zoom
66,5.292892456054688e-05,44,False,firefox,firefox,firefox
339,0.0056259632110595,7,True,zoom,zoom,zoom
151,0.0003490447998046,38,True,google,google,zoom
356,0.0006320476531982,7,True,zoom,zoom,zoom
117,9.5367431640625e-07,42,False,google,google,google
6126,0.0017762184143066,35,False,youtube,youtube,youtube
1048,0.0049400329589843,6,True,zoom,zoom,zoom
521,0.0029618740081787,35,False,youtube,youtube,youtube
1045,0.0,1,False,firefox,firefox,zoom
86,1.1920928955078123e-05,35,False,youtube,youtube,youtube
123,0.0010080337524414,7,True,zoom,zoom,zoom
86,2.5033950805664062e-05,35,False,youtube,youtube,youtube
86,6.604194641113281e-05,35,False,youtube,youtube,youtube
86,7.510185241699219e-05,42,False,google,google,spotify
343,0.0056819915771484,16,True,zoom,zoom,zoom
102,9.5367431640625e-07,4,True,zoom,zoom,zoom
26458,0.003645896911621,35,False,youtube,youtube,firefox
178,0.000241994857788,42,False,google,google,google
158,0.0077569484710693,16,True,zoom,zoom,zoom
74,0.0132520198822021,7,False,firefox,firefox,firefox
86,0.0074388980865478,28,False,spotify,spotify,spotify
1278,0.0040590763092041,6,True,zoom,zoom,zoom
143,0.0192680358886718,7,True,zoom,zoom,zoom
86,9.5367431640625e-07,42,False,google,google,youtube
145,0.0049700736999511,79,False,firefox,firefox,zoom
215,0.0264890193939209,43,False,firefox,firefox,firefox
132,5.412101745605469e-05,35,False,youtube,youtube,youtube
316,0.0144879817962646,7,True,zoom,zoom,zoom
155,0.0,35,False,youtube,youtube,youtube
194,0.0002028942108154,15,True,zoom,zoom,firefox
66,1.4066696166992188e-05,44,False,firefox,firefox,zoom
1466,0.0,1,False,firefox,firefox,firefox
133,0.0,35,False,youtube,youtube,zoom
1294,0.0001327991485595,42,False,google,google,google
1294,0.0,42,False,google,google,google
105,0.0001189708709716,44,False,firefox,firefox,firefox
1054,0.0068681240081787,42,False,google,google,zoom
248,0.0219829082489013,16,True,zoom,zoom,zoom
130,0.0009620189666748,45,False,firefox,firefox,firefox
1078,0.0012400150299072,7,True,zoom,zoom,zoom
1250,0.0,6,True,zoom,zoom,zoom
86,8.893013000488281e-05,28,False,spotify,spotify,spotify
66,2.5987625122070312e-05,8,False,firefox,firefox,firefox
124,0.0025410652160644,35,False,youtube,youtube,youtube
1303,0.0020499229431152,6,True,zoom,zoom,zoom
123,4.100799560546875e-05,12,True,zoom,zoom,spotify
1220,0.0,6,True,zoom,zoom,zoom
86,1.9073486328125e-05,28,False,spotify,spotify,youtube
86,8.797645568847656e-05,42,False,google,google,google
86,5.602836608886719e-05,35,False,youtube,youtube,youtube
1202,0.0018870830535888,6,True,zoom,zoom,zoom
66,0.0052230358123779,2,False,zoom,zoom,youtube
1244,0.0,6,True,zoom,zoom,zoom
86,0.0001049041748046,35,False,youtube,youtube,google
1154,0.0,6,True,zoom,zoom,zoom
1466,9.5367431640625e-07,79,False,firefox,firefox,firefox
306,0.0026211738586425,16,True,zoom,zoom,zoom
1474,0.0001587867736816,28,False,spotify,spotify,youtube
1138,0.0,6,True,zoom,zoom,zoom
1078,9.5367431640625e-07,7,True,zoom,zoom,zoom
426,5.0067901611328125e-06,42,False,google,google,google
1191,0.0,6,True,zoom,zoom,spotify
1233,0.0,6,True,zoom,zoom,zoom
144,0.0102038383483886,7,True,zoom,zoom,zoom
1294,0.0,42,False,google,google,google
86,0.0009698867797851,42,False,google,google,youtube
1294,0.0,42,False,google,google,google
1302,0.0001308917999267,6,True,zoom,zoom,zoom
1078,0.0,7,True,zoom,zoom,zoom
1294,0.0,42,False,google,google,google
125,0.0026040077209472,42,False,google,google,google
185,0.0038039684295654,35,False,youtube,youtube,youtube
105,0.0,79,False,firefox,firefox,firefox
1175,0.0,6,True,zoom,zoom,zoom
106,0.0010030269622802,7,True,zoom,zoom,zoom
341,0.0027470588684082,16,True,zoom,zoom,zoom
1078,0.0,7,True,zoom,zoom,zoom
132,0.0003018379211425,28,False,spotify,spotify,youtube
2862,0.0001790523529052,35,False,youtube,youtube,youtube
117,0.0005738735198974,42,False,google,google,google
86,1.0013580322265623e-05,42,False,google,google,youtube
155,0.0047979354858398,69,True,firefox,firefox,zoom
283,0.0069539546966552,16,True,zoom,zoom,zoom
1078,0.0,7,True,zoom,zoom,zoom
1176,0.0012009143829345,6,True,zoom,zoom,zoom
178,0.0003139972686767,42,False,google,google,google
1294,0.0,35,False,youtube,youtube,google
318,0.022813081741333,16,True,zoom,zoom,zoom
1078,9.5367431640625e-07,7,True,zoom,zoom,zoom
1078,0.0,7,True,zoom,zoom,zoom
86,0.0001828670501708,28,False,spotify,spotify,google
1078,0.0,7,True,zoom,zoom,zoom
1293,1.1920928955078125e-06,6,True,zoom,zoom,zoom
86,0.0,35,False,youtube,youtube,youtube
1267,0.0001568794250488,6,True,zoom,zoom,zoom
731,0.0,35,False,youtube,youtube,google
359,0.0001730918884277,16,True,zoom,zoom,zoom
86,3.2901763916015625e-05,35,False,youtube,youtube,google
5638,0.000680923461914,35,False,youtube,youtube,youtube
1246,0.0,6,True,zoom,zoom,zoom
1078,0.0,7,True,zoom,zoom,zoom
86,0.0092608928680419,21,False,zoom,zoom,zoom
1078,0.0069530010223388,7,True,zoom,zoom,zoom
1256,0.0090830326080322,6,True,zoom,zoom,zoom
97,0.0,79,False,firefox,firefox,firefox
151,0.0022370815277099,12,True,zoom,zoom,zoom
66,0.0035970211029052,5,False,firefox,firefox,firefox
129,0.0016160011291503,31,True,google,google,youtube
123,0.0008978843688964,4,True,zoom,zoom,zoom
1266,8.893013000488281e-05,6,True,zoom,zoom,zoom
153,0.0152268409729003,7,True,zoom,zoom,zoom
66,9.393692016601562e-05,44,False,firefox,firefox,youtube
1271,0.0,6,True,zoom,zoom,zoom
3906,0.0030360221862792,42,False,google,google,youtube
1078,0.0,7,True,zoom,zoom,zoom
1078,0.0,7,True,zoom,zoom,zoom
1078,0.0,7,True,zoom,zoom,zoom
132,0.000230073928833,28,False,spotify,spotify,youtube
1221,0.0055859088897705,6,True,zoom,zoom,zoom
1263,0.0159151554107666,6,True,zoom,zoom,zoom
1078,0.0,7,True,zoom,zoom,zoom
453,5.960464477539063e-06,42,False,google,google,google
125,0.0001449584960937,42,False,google,google,google
1078,9.5367431640625e-07,7,True,zoom,zoom,zoom
104,0.0001640319824218,10,False,zoom,zoom,zoom
731,4.0531158447265625e-06,42,False,google,google,google
2476,0.0001327991485595,35,False,youtube,youtube,youtube
877,0.0007591247558593,42,False,google,google,spotify
21401,0.0003800392150878,28,False,spotify,spotify,firefox
105,0.0,79,False,firefox,firefox,firefox
1078,0.0,7,True,zoom,zoom,zoom
1209,0.0,6,True,zoom,zoom,zoom
195,0.0030150413513183,59,True,firefox,firefox,zoom
86,9.5367431640625e-07,28,False,spotify,spotify,youtube
1078,0.0,7,True,zoom,zoom,zoom
86,0.0,35,False,youtube,youtube,youtube
1474,0.0001008510589599,35,False,youtube,youtube,youtube
135,1.1920928955078125e-06,79,False,firefox,firefox,zoom
86,3.409385681152344e-05,35,False,youtube,youtube,youtube
145,0.0045399665832519,7,True,zoom,zoom,zoom
132,0.0006370544433593,35,False,youtube,youtube,youtube
86,0.0034759044647216,42,False,google,google,spotify
274,0.0091960430145263,7,True,zoom,zoom,zoom
86,3.600120544433594e-05,35,False,youtube,youtube,google
30622,0.0,35,False,youtube,youtube,youtube
1078,0.0,7,True,zoom,zoom,zoom
7708,0.0,42,False,google,google,youtube
1078,0.0005640983581542,7,True,zoom,zoom,zoom
1078,0.0,7,True,zoom,zoom,zoom
1085,0.0075829029083251,7,True,zoom,zoom,zoom
1078,9.5367431640625e-07,7,True,zoom,zoom,zoom
66,6.413459777832031e-05,3,False,youtube,youtube,firefox
86,1.9073486328125e-05,28,False,spotify,spotify,youtube
97,0.0,80,False,firefox,firefox,firefox
1078,9.5367431640625e-07,7,True,zoom,zoom,zoom
86,0.0017268657684326,28,False,spotify,spotify,google
1078,0.0015480518341064,7,True,zoom,zoom,zoom
1275,0.0031108856201171,6,True,zoom,zoom,zoom
1078,0.0,7,True,zoom,zoom,zoom
86,0.0028700828552246,42,False,google,google,youtube
106,0.0012919902801513,16,True,zoom,zoom,zoom
204,0.0005469322204589,15,True,zoom,zoom,zoom
86,1.6927719116210938e-05,35,False,youtube,youtube,youtube
1294,0.0,42,False,google,google,google
86,0.0054230690002441,42,False,google,google,zoom
1294,0.0,28,False,spotify,spotify,google
1294,0.0,42,False,google,google,google
1247,9.5367431640625e-07,6,True,zoom,zoom,zoom
1078,0.0,7,True,zoom,zoom,zoom
66,0.0046429634094238,1,False,zoom,zoom,zoom
163,0.0017330646514892,16,True,zoom,zoom,zoom
796,0.0692880153656005,35,False,youtube,youtube,google
1155,9.5367431640625e-07,6,True,zoom,zoom,zoom
1268,0.0,6,True,zoom,zoom,zoom
1279,0.0,6,True,zoom,zoom,zoom
381,0.0,35,False,youtube,youtube,youtube
306,0.0015010833740234,16,True,zoom,zoom,zoom
117,0.0006599426269531,42,False,google,google,google
1078,0.0113251209259033,7,True,zoom,zoom,zoom
5343,0.0,79,False,firefox,firefox,google
168,0.0180881023406982,16,True,zoom,zoom,spotify
327,0.014747142791748,16,True,zoom,zoom,zoom
1128,0.0007169246673583,6,True,zoom,zoom,zoom
86,0.0029299259185791,28,False,spotify,spotify,spotify
326,0.0072729587554931,16,True,zoom,zoom,zoom
1265,0.0,6,True,zoom,zoom,zoom
66,0.0001180171966552,46,False,firefox,firefox,firefox
86,9.5367431640625e-07,42,False,google,google,youtube
344,0.0,79,False,firefox,firefox,zoom
1294,0.0,28,False,spotify,spotify,google
12166,9.918212890625e-05,35,False,youtube,youtube,youtube
1204,7.605552673339844e-05,6,True,zoom,zoom,zoom
1078,0.0,7,True,zoom,zoom,zoom
111,1.1920928955078125e-06,35,True,google,youtube,google
104,0.0038280487060546,1,False,youtube,zoom,zoom
1276,0.0106778144836425,6,True,zoom,zoom,zoom
146,0.0068311691284179,7,True,zoom,zoom,zoom
66,0.0,1,False,youtube,zoom,firefox
66,1.7881393432617188e-05,7,False,firefox,firefox,firefox
1078,0.0167021751403808,7,True,zoom,zoom,zoom
86,1.0967254638671877e-05,28,False,spotify,spotify,spotify
95,0.000195026397705,14,True,firefox,google,google
115,0.0,1,False,zoom,firefox,firefox
152,0.0,79,False,firefox,firefox,zoom
86,6.103515625e-05,42,False,google,google,google
66,2.2172927856445312e-05,44,False,firefox,firefox,firefox
918,9.059906005859377e-06,35,False,youtube,youtube,google
86,0.0001468658447265,28,False,spotify,spotify,youtube
86,0.000119924545288,35,False,youtube,youtube,spotify
2866,0.0002689361572265,79,False,firefox,firefox,youtube
86,0.0018439292907714,35,False,youtube,youtube,google
2862,4.00543212890625e-05,35,False,youtube,youtube,youtube
1474,0.0122129917144775,35,False,youtube,youtube,google
1078,0.0,7,True,zoom,zoom,zoom
1273,9.5367431640625e-07,6,True,zoom,zoom,zoom
160,0.0155379772186279,7,True,zoom,zoom,zoom
1078,0.0,7,True,zoom,zoom,zoom
89,0.0002458095550537,5,True,google,google,google
18266,1.5974044799804688e-05,79,False,firefox,firefox,firefox
86,1.0967254638671877e-05,42,False,google,google,spotify
152,0.0171542167663574,7,True,zoom,zoom,zoom
86,0.0,35,False,youtube,youtube,youtube
66,5.793571472167969e-05,45,False,firefox,firefox,firefox
1288,0.0,6,True,zoom,zoom,zoom
1294,0.0025699138641357,42,False,google,google,google
323,0.02046799659729,16,True,zoom,zoom,zoom
66,1.0013580322265623e-05,44,False,firefox,firefox,firefox
86,2.312660217285156e-05,35,False,youtube,youtube,youtube
1078,1.1920928955078125e-06,7,True,zoom,zoom,zoom
1199,0.0,6,True,zoom,zoom,zoom
6126,0.0,28,False,spotify,spotify,youtube
85,0.0001590251922607,40,False,firefox,firefox,google
1474,3.1948089599609375e-05,35,False,youtube,youtube,firefox
2862,0.0,35,False,youtube,youtube,youtube
86,5.960464477539063e-06,28,False,spotify,spotify,youtube
1078,0.0028250217437744,7,True,zoom,zoom,zoom
2250,0.0,35,False,youtube,youtube,firefox
425,0.0700571537017822,44,False,firefox,firefox,youtube
1474,0.0005970001220703,42,False,google,google,youtube
330,0.000230073928833,16,True,zoom,zoom,zoom
1078,0.0,7,True,zoom,zoom,zoom
8028,1.4781951904296877e-05,35,False,youtube,youtube,youtube
1294,0.0,42,False,google,google,google
86,0.0,28,False,spotify,spotify,youtube
94,0.0015749931335449,21,True,zoom,zoom,spotify
1078,0.016880989074707,7,True,zoom,zoom,zoom
1294,0.0,42,False,google,google,google
86,5.817413330078125e-05,35,False,youtube,youtube,google
66,2.09808349609375e-05,8,False,firefox,firefox,firefox
1078,0.0098109245300292,7,True,zoom,zoom,zoom
1078,1.1920928955078125e-06,7,True,zoom,zoom,zoom
105,0.000601053237915,78,False,firefox,firefox,firefox
74,2.1219253540039062e-05,35,False,youtube,youtube,youtube
208,0.0028388500213623,53,True,firefox,firefox,zoom
1130,9.5367431640625e-07,6,True,zoom,zoom,zoom
86,1.811981201171875e-05,21,False,zoom,zoom,youtube
316,0.000978946685791,35,False,youtube,youtube,zoom
86,8.797645568847656e-05,42,False,google,google,google
1078,0.0095419883728027,7,True,zoom,zoom,zoom
86,0.0,42,False,google,google,youtube
322,0.0063748359680175,7,True,zoom,zoom,zoom
104,0.0,2,False,zoom,zoom,zoom
691,0.0006110668182373,28,False,spotify,spotify,spotify
1078,1.1920928955078125e-06,7,True,zoom,zoom,zoom
1132,0.0033040046691894,6,True,zoom,zoom,zoom
86,0.0,35,False,youtube,youtube,youtube
1210,0.0004169940948486,6,True,zoom,zoom,zoom
1072,0.0,35,False,youtube,youtube,zoom
1253,0.0,6,True,zoom,zoom,zoom
869,0.0,28,False,spotify,spotify,google
117,0.0,42,False,google,google,google
66,0.0004289150238037,44,False,firefox,firefox,firefox
1215,0.0,6,True,zoom,zoom,zoom
1078,0.0012309551239013,7,True,zoom,zoom,zoom
1474,0.0002639293670654,35,False,youtube,youtube,spotify
90,0.0004818439483642,46,False,firefox,firefox,google
1248,0.0027949810028076,6,True,zoom,zoom,zoom
1078,0.0066430568695068,7,True,zoom,zoom,zoom
1219,0.0106050968170166,6,True,zoom,zoom,zoom
1169,1.9073486328125e-06,6,True,zoom,zoom,spotify
1294,0.0,42,False,google,google,google
151,5.698204040527344e-05,12,True,zoom,zoom,youtube
106,9.5367431640625e-07,21,True,zoom,zoom,google
1864,0.0004229545593261,1,False,google,firefox,spotify
32266,3.886222839355469e-05,79,False,firefox,firefox,spotify
321,0.02239990234375,16,True,zoom,zoom,zoom
1078,0.0066258907318115,7,True,zoom,zoom,zoom
94,0.0017380714416503,42,False,google,google,youtube
1466,0.0017759799957275,1,False,firefox,firefox,firefox
86,4.100799560546875e-05,42,False,google,google,google
1319,0.0030899047851562,6,True,zoom,zoom,zoom
86,0.0,35,False,youtube,youtube,youtube
1078,0.0,7,True,zoom,zoom,zoom
2862,0.0002529621124267,35,False,youtube,youtube,youtube
1078,0.0,7,True,zoom,zoom,zoom
86,0.0001089572906494,28,False,spotify,spotify,youtube
1078,9.5367431640625e-07,7,True,zoom,zoom,zoom
339,0.0019049644470214,16,True,zoom,zoom,zoom
14066,0.0010619163513183,79,False,firefox,firefox,firefox
124,0.0015559196472167,35,False,youtube,youtube,youtube
2502,0.0,35,False,youtube,youtube,google
94,0.0015408992767333,35,False,youtube,youtube,spotify
1078,0.0184118747711181,7,True,zoom,zoom,zoom
137,0.0036790370941162,7,True,zoom,zoom,zoom
1287,0.003019094467163,6,True,zoom,zoom,zoom
1078,0.0,7,True,zoom,zoom,zoom
349,0.0030069351196289,7,True,zoom,zoom,zoom
1078,0.0,7,True,zoom,zoom,zoom
1198,0.0024418830871582,6,True,zoom,zoom,zoom
326,0.002756118774414,7,True,zoom,zoom,zoom
132,0.0,35,False,youtube,youtube,youtube
113,0.0004289150238037,16,True,zoom,zoom,zoom
105,0.0003199577331542,44,False,firefox,firefox,firefox
1078,0.0,7,True,zoom,zoom,zoom
132,0.0,28,False,spotify,spotify,youtube
86,1.1920928955078125e-06,35,False,youtube,youtube,google
4250,0.0026519298553466,35,False,youtube,youtube,youtube
1045,0.004922866821289,6,True,zoom,zoom,zoom
179,0.001051902770996,35,False,youtube,youtube,youtube
346,0.0032379627227783,21,True,spotify,zoom,zoom
1078,0.0,7,True,zoom,zoom,zoom
321,9.5367431640625e-07,7,True,zoom,zoom,zoom
1253,0.0,6,True,zoom,zoom,zoom
253,0.0014259815216064,7,True,zoom,zoom,zoom
1294,0.0,42,False,google,google,google
255,0.0002400875091552,44,False,firefox,firefox,zoom
302,8.797645568847656e-05,35,False,youtube,youtube,youtube
1078,0.0,7,True,zoom,zoom,zoom
66,0.0,79,False,firefox,firefox,firefox
66,0.0015308856964111,0,False,youtube,google,firefox
153,0.0,35,False,youtube,youtube,firefox
1078,0.0054290294647216,7,True,zoom,zoom,zoom
8028,1.2159347534179688e-05,35,False,youtube,youtube,youtube
1242,0.0,6,True,zoom,zoom,zoom
1078,0.0004339218139648,7,True,zoom,zoom,zoom
4250,0.0010428428649902,35,False,youtube,youtube,youtube
1078,0.0,7,True,zoom,zoom,zoom
1257,0.0,6,True,zoom,zoom,zoom
494,0.0030369758605957,28,False,spotify,spotify,youtube
86,0.0050330162048339,35,False,youtube,youtube,spotify
322,0.0,7,True,zoom,zoom,zoom
1078,0.000680923461914,7,True,zoom,zoom,zoom
1474,0.0,35,False,youtube,youtube,youtube
86,0.0,35,False,youtube,youtube,youtube
1281,0.002375841140747,6,True,zoom,zoom,zoom
1078,0.0005080699920654,7,True,zoom,zoom,zoom
1078,0.007357120513916,7,True,zoom,zoom,zoom
1078,0.0,7,True,zoom,zoom,zoom
117,0.0096070766448974,42,False,google,google,zoom
66,1.1920928955078125e-06,79,False,firefox,firefox,spotify
1192,0.0,6,True,zoom,zoom,zoom
1078,0.0,7,True,zoom,zoom,zoom
98,0.0,42,False,google,google,google
1137,0.0,6,True,zoom,zoom,zoom
132,0.0001301765441894,35,False,youtube,youtube,youtube
1204,0.0,6,True,zoom,zoom,zoom
1265,0.0101728439331054,6,True,zoom,zoom,zoom
86,0.0029511451721191,35,False,youtube,youtube,google
4214,6.198883056640625e-06,28,False,spotify,spotify,youtube
1474,0.0,35,False,youtube,youtube,youtube
1078,0.0096149444580078,7,True,zoom,zoom,zoom
66,0.0022830963134765,1,False,zoom,firefox,firefox
1078,0.0,7,True,zoom,zoom,zoom
1190,0.0068671703338623,6,True,zoom,zoom,zoom
1180,0.0033798217773437,6,True,zoom,zoom,zoom
86,9.5367431640625e-07,35,False,youtube,youtube,youtube
336,0.0071308612823486,16,True,zoom,zoom,zoom
178,0.0004048347473144,42,False,google,google,zoom
132,0.000187873840332,28,False,spotify,spotify,youtube
157,0.005479097366333,16,True,zoom,zoom,zoom
1274,0.0,6,True,zoom,zoom,zoom
192,0.0593931674957275,35,False,youtube,youtube,youtube
155,0.0005109310150146,7,True,zoom,zoom,zoom
106,0.0212230682373046,16,True,zoom,zoom,zoom
86,0.0001130104064941,35,False,youtube,youtube,google
195,0.0007760524749755,35,False,youtube,youtube,zoom
381,0.0,35,False,youtube,youtube,youtube
117,0.0003321170806884,42,False,google,google,google
132,0.0,28,False,spotify,spotify,youtube
1474,0.0023059844970703,42,False,google,google,google
1078,0.0003881454467773,7,True,zoom,zoom,zoom
1253,0.0100519657135009,6,True,zoom,zoom,zoom
132,0.0002059936523437,28,False,spotify,spotify,youtube
66,0.0092518329620361,79,False,firefox,firefox,firefox
2862,0.0002071857452392,35,False,youtube,youtube,youtube
1294,9.5367431640625e-07,28,False,spotify,spotify,youtube
86,0.0003070831298828,42,False,google,google,youtube
86,0.0078990459442138,42,False,google,google,google
86,0.0006670951843261,28,False,spotify,spotify,youtube
1078,0.0109038352966308,7,True,zoom,zoom,zoom
1213,0.0,6,True,zoom,zoom,zoom
1078,0.0,7,True,zoom,zoom,zoom
1263,0.0,6,True,zoom,zoom,zoom
86,4.100799560546875e-05,42,False,google,google,google
106,0.0041339397430419,16,True,zoom,zoom,zoom
86,0.0,35,False,youtube,youtube,youtube
1078,0.0,7,True,zoom,zoom,zoom
66,3.0994415283203125e-05,11,False,zoom,zoom,firefox
1466,0.0,1,False,firefox,firefox,firefox
316,0.0031929016113281,16,True,zoom,zoom,zoom
229,0.0,42,False,google,google,zoom
66,0.0028789043426513,79,False,firefox,firefox,firefox
86,3.790855407714844e-05,42,False,google,google,google
86,5.197525024414063e-05,35,False,youtube,youtube,youtube
220,0.0171492099761962,7,True,zoom,zoom,zoom
86,0.0004332065582275,35,False,youtube,youtube,spotify
1474,0.0003440380096435,35,False,youtube,youtube,youtube
86,2.002716064453125e-05,35,False,youtube,youtube,zoom
66,0.0034520626068115,10,False,firefox,firefox,zoom
314,0.0155050754547119,7,True,zoom,zoom,zoom
1030,9.5367431640625e-07,6,True,zoom,zoom,zoom
86,0.0,35,False,youtube,youtube,youtube
66,7.700920104980469e-05,8,False,firefox,firefox,firefox
323,0.009592056274414,7,True,zoom,zoom,zoom
18266,0.0,79,False,firefox,firefox,firefox
1247,0.0003900527954101,6,True,zoom,zoom,zoom
151,0.0001130104064941,15,True,zoom,zoom,zoom
313,0.0083041191101074,16,True,zoom,zoom,zoom
1474,0.0002520084381103,35,False,youtube,youtube,google
10958,0.0001218318939208,35,False,youtube,youtube,firefox
69,0.0006670951843261,13,True,zoom,zoom,zoom
334,0.0017712116241455,7,True,zoom,zoom,zoom
175,0.0005960464477539,46,False,firefox,firefox,firefox
1078,0.0094068050384521,7,True,zoom,zoom,zoom
1268,0.0038750171661376,6,True,zoom,zoom,zoom
1190,0.0024640560150146,6,True,zoom,zoom,zoom
155,0.0,35,False,youtube,youtube,youtube
1078,0.0,7,True,zoom,zoom,zoom
1294,0.0,35,False,youtube,youtube,google
996,0.0040202140808105,44,False,firefox,firefox,zoom
1183,0.0,6,True,zoom,zoom,zoom
1196,0.000870943069458,6,True,zoom,zoom,zoom
1294,0.0028231143951416,42,False,google,google,google
86,0.0029981136322021,42,False,google,google,google
1294,7.486343383789062e-05,35,False,youtube,youtube,google
66,0.2257418632507324,5,False,spotify,spotify,spotify
1078,0.0,7,True,zoom,zoom,zoom
306,0.0,68,True,firefox,firefox,youtube
1466,0.0008299350738525,1,False,firefox,firefox,firefox
1294,0.0014729499816894,42,False,google,google,google
154,0.0068769454956054,7,True,zoom,zoom,zoom
86,0.0,35,False,youtube,youtube,youtube
66,0.100003957748413,15,False,spotify,spotify,spotify
1306,0.0,6,True,zoom,zoom,zoom
1078,9.5367431640625e-07,7,True,zoom,zoom,zoom
13374,3.910064697265625e-05,35,False,youtube,youtube,firefox
1135,2.1457672119140625e-06,42,False,google,google,zoom
1313,0.0075819492340087,6,True,zoom,zoom,zoom
7026,0.0012619495391845,35,False,youtube,youtube,youtube
1221,0.00307297706604,6,True,zoom,zoom,zoom
88,0.0035300254821777,10,True,youtube,google,google
1078,0.0,7,True,zoom,zoom,zoom
1070,0.0,6,True,zoom,zoom,zoom
1078,0.0,7,True,zoom,zoom,zoom
86,2.694129943847656e-05,28,False,spotify,spotify,youtube
1078,0.0,7,True,zoom,zoom,zoom
144,0.0029017925262451,7,True,zoom,zoom,zoom
313,0.0039939880371093,16,True,zoom,zoom,zoom
195,0.000187873840332,44,False,firefox,firefox,zoom
1044,0.0014610290527343,6,True,zoom,zoom,zoom
7066,4.792213439941406e-05,79,False,firefox,firefox,firefox
1474,9.5367431640625e-07,28,False,spotify,spotify,spotify
1078,0.0,7,True,zoom,zoom,zoom
333,0.0050539970397949,16,True,zoom,zoom,zoom
1078,0.0006020069122314,7,True,zoom,zoom,zoom
1294,0.0,35,False,youtube,youtube,google
132,0.0006740093231201,35,False,youtube,youtube,youtube
86,0.0,42,False,google,google,youtube
145,0.0,7,True,zoom,zoom,zoom
1190,0.0,6,True,zoom,zoom,zoom
1078,0.0,7,True,zoom,zoom,zoom
161,0.0,42,False,google,google,youtube
100,0.0139310359954833,17,True,zoom,google,google
1301,0.0,6,True,zoom,zoom,zoom
303,0.0119929313659667,7,True,zoom,zoom,zoom
1294,9.5367431640625e-07,42,False,google,google,youtube
203,0.006875991821289,15,True,zoom,zoom,google
1078,0.0,7,True,zoom,zoom,zoom
1294,0.0,42,False,google,google,google
144,0.0015139579772949,16,True,zoom,zoom,zoom
179,0.0007059574127197,35,False,youtube,youtube,youtube
86,0.0032081604003906,35,False,youtube,youtube,google
333,0.0164289474487304,16,True,zoom,zoom,zoom
66,3.218650817871094e-05,11,False,zoom,zoom,firefox
1078,0.0,7,True,zoom,zoom,zoom
145,0.017604112625122,7,True,zoom,zoom,zoom
1078,0.0,7,True,zoom,zoom,zoom
16499,0.0,28,False,spotify,spotify,spotify
166,0.0578908920288085,35,False,youtube,youtube,youtube
146,0.00667405128479,7,True,zoom,zoom,zoom
784,0.0,35,False,youtube,youtube,youtube
105,0.0013120174407958,79,False,firefox,firefox,firefox
1466,0.0,1,False,firefox,firefox,firefox
86,0.0,42,False,google,google,youtube
86,0.0019588470458984,35,False,youtube,youtube,google
1078,9.5367431640625e-07,7,True,zoom,zoom,zoom
7066,0.0,79,False,firefox,firefox,firefox
117,0.0,42,False,google,google,google
86,1.2874603271484377e-05,35,False,youtube,youtube,youtube
146,0.0019750595092773,21,True,youtube,zoom,zoom
1198,6.4849853515625e-05,6,True,zoom,zoom,zoom
1281,0.0099420547485351,6,True,zoom,zoom,zoom
1010,8.296966552734375e-05,6,True,zoom,zoom,zoom
1299,0.0102460384368896,6,True,zoom,zoom,zoom
86,0.0001699924468994,35,False,youtube,youtube,youtube
86,0.0001769065856933,42,False,google,google,spotify
6594,0.0009679794311523,79,False,firefox,firefox,youtube
1240,0.0082089900970458,6,True,zoom,zoom,zoom
1240,9.5367431640625e-07,6,True,zoom,zoom,zoom
86,0.0040788650512695,35,False,youtube,youtube,spotify
276,0.0094330310821533,16,True,zoom,zoom,zoom
144,0.0106959342956542,7,True,zoom,zoom,zoom
86,0.0022590160369873,35,False,youtube,youtube,google
1078,0.0076611042022705,7,True,zoom,zoom,zoom
178,0.0004048347473144,42,False,google,google,zoom
144,0.0199670791625976,7,True,zoom,zoom,zoom
323,0.003044843673706,7,True,zoom,zoom,zoom
86,0.0001800060272216,28,False,spotify,spotify,spotify
1078,0.0004010200500488,7,True,zoom,zoom,zoom
1209,0.0028469562530517,6,True,zoom,zoom,zoom
1078,0.0001759529113769,7,True,zoom,zoom,zoom
1193,0.0,6,True,zoom,zoom,zoom
1294,0.0,42,False,google,google,google
1466,0.0,79,False,firefox,firefox,firefox
1294,0.0,35,False,youtube,youtube,google
1296,0.0037391185760498,6,True,zoom,zoom,zoom
86,2.5987625122070312e-05,28,False,spotify,spotify,spotify
1190,0.0,6,True,zoom,zoom,zoom
343,0.0001969337463378,16,True,zoom,zoom,zoom
1245,0.0,6,True,zoom,zoom,zoom
195,0.0004639625549316,15,True,zoom,zoom,zoom
29466,0.0013239383697509,79,False,firefox,firefox,firefox
8180,0.002450942993164,79,False,firefox,firefox,youtube
1328,0.0027580261230468,6,True,zoom,zoom,zoom
128,0.0032918453216552,35,False,youtube,youtube,zoom
18266,6.508827209472656e-05,79,False,firefox,firefox,firefox
404,0.0,42,False,google,google,google
297,0.0034830570220947,35,False,youtube,youtube,zoom
86,2.002716064453125e-05,35,False,youtube,youtube,zoom
276,0.0058791637420654,35,False,youtube,youtube,zoom
86,3.409385681152344e-05,42,False,google,google,youtube
42,1.621246337890625e-05,28,False,spotify,spotify,spotify
1274,0.001173973083496,6,True,zoom,zoom,zoom
1236,0.0,6,True,zoom,zoom,zoom
1078,0.0,7,True,zoom,zoom,zoom
299,0.0038158893585205,16,True,zoom,zoom,zoom
1139,0.0113348960876464,6,True,zoom,zoom,zoom
1294,0.0,42,False,google,google,google
1466,0.0033490657806396,1,False,firefox,firefox,youtube
66,0.0003778934478759,0,False,zoom,google,firefox
1215,0.0037739276885986,6,True,zoom,zoom,zoom
86,4.792213439941406e-05,35,False,youtube,youtube,youtube
1085,0.0047481060028076,7,True,zoom,zoom,zoom
1466,0.0301640033721923,1,False,firefox,firefox,youtube
1078,0.0,7,True,zoom,zoom,zoom
324,0.019737958908081,16,True,zoom,zoom,zoom
86,4.100799560546875e-05,35,False,youtube,youtube,google
1407,0.0,42,False,google,google,youtube
39266,0.0,79,False,firefox,firefox,firefox
86,0.0599892139434814,28,False,spotify,spotify,spotify
1168,0.0004580020904541,6,True,zoom,zoom,zoom
1078,0.008613109588623,7,True,zoom,zoom,zoom
1078,0.0,7,True,zoom,zoom,zoom
1111,0.0,6,True,zoom,zoom,zoom
1294,0.0,35,False,youtube,youtube,google
86,0.0002551078796386,35,False,youtube,youtube,zoom
74,0.0024199485778808,11,False,firefox,firefox,firefox
1155,0.0026221275329589,6,True,zoom,zoom,zoom
132,0.0007250308990478,35,False,youtube,youtube,youtube
1078,0.0052089691162109,7,True,zoom,zoom,zoom
155,0.006300926208496,1,False,zoom,zoom,zoom
86,0.0,28,False,spotify,spotify,youtube
1195,9.608268737792967e-05,6,True,zoom,zoom,zoom
86,2.002716064453125e-05,21,False,zoom,zoom,zoom
1242,0.0,6,True,zoom,zoom,zoom
1294,0.0,42,False,google,google,google
256,0.0402159690856933,44,False,firefox,firefox,youtube
1278,9.5367431640625e-07,6,True,zoom,zoom,zoom
33012,9.202957153320312e-05,35,False,youtube,youtube,spotify
3710,0.0,42,False,google,google,youtube
1232,0.0100059509277343,6,True,zoom,zoom,zoom
86,0.0021278858184814,35,False,youtube,youtube,google
86,0.0035638809204101,42,False,google,google,google
446,0.0002050399780273,0,False,google,firefox,firefox
283,0.0046839714050292,16,True,zoom,zoom,zoom
86,2.193450927734375e-05,28,False,spotify,spotify,youtube
1278,0.0030169486999511,6,True,zoom,zoom,zoom
1466,0.0,1,False,firefox,firefox,firefox
5280,0.0005760192871093,35,False,youtube,youtube,youtube
1296,0.0,6,True,zoom,zoom,zoom
1257,0.0037159919738769,6,True,zoom,zoom,zoom
86,0.0023219585418701,42,False,google,google,google
1078,1.1920928955078125e-06,7,True,zoom,zoom,zoom
8542,0.0,35,False,youtube,youtube,youtube
1078,0.0,7,True,zoom,zoom,zoom
1078,0.0,7,True,zoom,zoom,zoom
1078,0.0,7,True,zoom,zoom,zoom
151,0.0001759529113769,16,True,zoom,zoom,zoom
1294,0.0,35,False,youtube,youtube,google
86,0.0018889904022216,35,False,youtube,youtube,spotify
744,0.0730040073394775,1,False,firefox,firefox,spotify
1078,0.006317138671875,7,True,zoom,zoom,zoom
149,0.0014159679412841,7,True,zoom,zoom,zoom
1233,0.0,6,True,zoom,zoom,zoom
107,9.5367431640625e-07,36,True,google,firefox,firefox
1078,0.0015227794647216,7,True,zoom,zoom,zoom
1466,0.0065569877624511,79,False,firefox,firefox,firefox
156,0.0002269744873046,16,True,zoom,zoom,zoom
66,0.0012738704681396,44,False,firefox,firefox,firefox
86,0.0040280818939208,42,False,google,google,youtube
66,0.0001311302185058,44,False,firefox,firefox,firefox
837,0.0041971206665039,42,False,google,google,zoom
1175,0.0026640892028808,6,True,zoom,zoom,zoom
273,0.0028440952301025,16,True,zoom,zoom,zoom
1210,0.0098481178283691,6,True,zoom,zoom,zoom
60,0.0,35,False,youtube,youtube,spotify
629,0.0666890144348144,35,False,youtube,youtube,spotify
1289,0.0033950805664062,6,True,zoom,zoom,zoom
1170,0.001249074935913,6,True,zoom,zoom,zoom
86,3.0040740966796875e-05,42,False,google,google,spotify
347,0.0102601051330566,7,True,zoom,zoom,zoom
1078,0.0,7,True,zoom,zoom,zoom
179,0.0006089210510253,35,False,youtube,youtube,youtube
105,0.0003550052642822,44,False,firefox,firefox,firefox
86,7.009506225585938e-05,28,False,spotify,spotify,youtube
1078,0.0,7,True,zoom,zoom,zoom
360,9.5367431640625e-07,42,False,google,google,firefox
1078,0.0,7,True,zoom,zoom,zoom
1010,0.0032129287719726,6,True,zoom,zoom,zoom
320,0.0266711711883544,35,False,youtube,youtube,youtube
1078,0.0002801418304443,7,True,zoom,zoom,zoom
1044,0.0,6,True,zoom,zoom,google
1206,0.0040280818939208,6,True,zoom,zoom,zoom
1071,0.0,42,False,google,google,zoom
178,0.0002670288085937,42,False,google,google,google
349,0.0022890567779541,16,True,zoom,zoom,zoom
86,2.408027648925781e-05,35,False,youtube,youtube,youtube
66,3.314018249511719e-05,44,False,firefox,firefox,firefox
125,0.002410888671875,42,False,google,google,google
1078,0.0,7,True,zoom,zoom,zoom
1241,0.0,6,True,zoom,zoom,zoom
167,0.0378000736236572,28,False,spotify,spotify,youtube
1263,0.0013489723205566,6,True,zoom,zoom,zoom
86,0.0003259181976318,35,False,youtube,youtube,youtube
702,0.0022261142730712,42,False,google,google,google
133,0.01493501663208,7,True,zoom,zoom,zoom
1273,0.0033259391784667,6,True,zoom,zoom,zoom
105,0.0005660057067871,44,False,firefox,firefox,firefox
86,9.5367431640625e-07,42,False,google,google,youtube
1233,0.0020101070404052,6,True,zoom,zoom,zoom
394,0.000903844833374,28,False,spotify,spotify,youtube
66,3.123283386230469e-05,4,False,youtube,youtube,firefox
1294,0.0,42,False,google,google,google
1294,0.0,42,False,google,google,google
1078,9.5367431640625e-07,7,True,zoom,zoom,zoom
86,0.0,42,False,google,google,youtube
1078,0.0062229633331298,7,True,zoom,zoom,zoom
1078,0.0,7,True,zoom,zoom,zoom
1198,0.0,6,True,zoom,zoom,zoom
1294,0.0,35,False,youtube,youtube,google
1078,0.0095970630645751,7,True,zoom,zoom,zoom
326,0.0008020401000976,7,True,zoom,zoom,zoom
357,0.0030908584594726,35,False,youtube,youtube,zoom
1294,0.0,35,False,youtube,youtube,google
1078,0.0,7,True,zoom,zoom,zoom
1078,1.1920928955078125e-06,7,True,zoom,zoom,zoom
66,4.506111145019531e-05,8,False,firefox,firefox,youtube
1284,0.0,6,True,zoom,zoom,zoom
1294,0.0,35,False,youtube,youtube,google
85,0.0035369396209716,2,True,youtube,youtube,google
132,0.0003249645233154,28,False,spotify,spotify,youtube
192,8.392333984375e-05,66,True,firefox,firefox,zoom
305,0.0023519992828369,16,True,zoom,zoom,zoom
86,5.316734313964844e-05,42,False,google,google,youtube
128,0.0081441402435302,35,False,youtube,youtube,youtube
132,7.510185241699219e-05,35,False,youtube,youtube,youtube
1078,0.0,7,True,zoom,zoom,zoom
145,0.0026679039001464,7,True,zoom,zoom,zoom
1174,0.0,6,True,zoom,zoom,zoom
117,0.0005509853363037,42,False,google,google,google
577,0.0,1,False,firefox,firefox,youtube
86,0.0,35,False,youtube,youtube,youtube
1294,0.0,35,False,youtube,youtube,google
298,0.0078229904174804,7,True,zoom,zoom,zoom
1302,0.0017318725585937,6,True,zoom,zoom,zoom
86,7.152557373046875e-06,28,False,spotify,spotify,youtube
511,0.0002410411834716,42,False,google,google,youtube
299,0.0008530616760253,35,False,youtube,youtube,zoom
1474,9.5367431640625e-07,35,False,youtube,youtube,spotify
118,0.0015780925750732,42,False,google,google,google
1971,0.0006139278411865,10,False,firefox,firefox,firefox
523,0.000885009765625,28,False,spotify,spotify,youtube
1010,0.0,6,True,zoom,zoom,youtube
271,0.0016319751739501,4,False,youtube,youtube,zoom
137,0.0007789134979248,28,False,spotify,spotify,zoom
66,0.0588519573211669,1,False,spotify,spotify,spotify
86,0.0001320838928222,42,False,google,google,spotify
1078,0.0,7,True,zoom,zoom,zoom
86,0.0224471092224121,21,False,zoom,zoom,youtube
86,0.0,35,False,youtube,youtube,youtube
1210,0.0027730464935302,6,True,zoom,zoom,zoom
132,0.00136399269104,35,False,youtube,youtube,youtube
334,0.0081989765167236,16,True,zoom,zoom,zoom
1206,0.0028388500213623,6,True,zoom,zoom,zoom
8542,9.5367431640625e-07,42,False,google,google,google
1153,0.0,6,True,zoom,zoom,zoom
117,0.0005159378051757,35,False,youtube,youtube,google
112,0.0,1,False,youtube,firefox,youtube
8734,0.0,35,False,youtube,youtube,youtube
5887,0.0023670196533203,35,False,youtube,youtube,youtube
1251,0.0061900615692138,6,True,zoom,zoom,zoom
1078,0.0,7,True,zoom,zoom,zoom
1466,0.0017681121826171,1,False,firefox,firefox,firefox
66,2.7179718017578125e-05,10,False,zoom,zoom,zoom
104,0.0010499954223632,0,False,youtube,youtube,zoom
1009,0.0017828941345214,6,True,zoom,zoom,zoom
1213,0.0032498836517333,6,True,zoom,zoom,zoom
66,0.000180959701538,44,False,firefox,firefox,firefox
86,0.0031559467315673,28,False,spotify,spotify,youtube
1236,0.009484052658081,6,True,zoom,zoom,zoom
86,2.9087066650390625e-05,35,False,youtube,youtube,youtube
1078,0.0,7,True,zoom,zoom,zoom
1231,0.0100948810577392,6,True,zoom,zoom,zoom
86,0.0002470016479492,35,False,youtube,youtube,spotify
1078,9.5367431640625e-07,7,True,zoom,zoom,zoom
1287,0.0005269050598144,6,True,zoom,zoom,zoom
123,0.0,60,True,firefox,firefox,firefox
1175,0.0050809383392333,6,True,zoom,zoom,zoom
1078,0.0,7,True,zoom,zoom,zoom
788,0.0051431655883789,35,False,youtube,youtube,youtube
1236,0.0030000209808349,6,True,zoom,zoom,zoom
4250,0.0004961490631103,35,False,youtube,youtube,youtube
1177,0.0,6,True,zoom,zoom,zoom
123,0.0089881420135498,6,True,zoom,zoom,google
583,0.0,42,False,google,google,youtube
702,0.0007619857788085,42,False,google,google,spotify
296,0.0008959770202636,16,True,zoom,zoom,zoom
1294,0.0,35,False,youtube,youtube,google
1214,3.981590270996094e-05,6,True,zoom,zoom,zoom
66,0.0015630722045898,44,False,firefox,firefox,zoom
1232,0.0,6,True,zoom,zoom,zoom
94,0.0014901161193847,84,False,firefox,firefox,youtube
1078,0.0108110904693603,7,True,zoom,zoom,zoom
86,0.0001840591430664,28,False,spotify,spotify,spotify
1294,9.5367431640625e-07,42,False,google,google,youtube
601,0.0,42,False,google,google,firefox
1078,1.1920928955078125e-06,7,True,zoom,zoom,zoom
1208,9.5367431640625e-07,6,True,zoom,zoom,zoom
66,0.0008659362792968,44,False,firefox,firefox,zoom
60,1.0303051471710205,35,False,youtube,youtube,spotify
66,2.5987625122070312e-05,8,False,firefox,firefox,firefox
787,0.0017380714416503,35,False,youtube,youtube,spotify
288,0.0204420089721679,16,True,zoom,zoom,zoom
1078,0.0,7,True,zoom,zoom,zoom
86,0.0001211166381835,35,False,youtube,youtube,youtube
86,1.5974044799804688e-05,21,False,zoom,zoom,youtube
11266,0.0015301704406738,79,False,firefox,firefox,youtube
1254,0.0118930339813232,6,True,zoom,zoom,zoom
426,0.0335450172424316,44,False,firefox,firefox,firefox
149,0.0029451847076416,16,True,zoom,zoom,zoom
86,2.8848648071289062e-05,35,False,youtube,youtube,youtube
1218,9.059906005859377e-06,28,False,spotify,spotify,zoom
1466,0.0,79,False,firefox,firefox,firefox
22466,2.002716064453125e-05,79,False,firefox,firefox,firefox
102,0.0,28,True,spotify,spotify,zoom
1203,9.5367431640625e-07,79,False,firefox,firefox,zoom
2502,0.0,35,False,youtube,youtube,google
268,0.0,28,False,spotify,spotify,firefox
1284,0.0,6,True,zoom,zoom,zoom
1284,0.0148489475250244,3,False,youtube,firefox,zoom
167,0.037626028060913,28,False,spotify,spotify,youtube
1294,0.000133991241455,28,False,spotify,spotify,google
220,0.0013399124145507,42,False,google,google,youtube
1078,0.0070991516113281,7,True,zoom,zoom,zoom
1078,0.0063769817352294,7,True,zoom,zoom,zoom
125,0.0,42,False,google,google,google
1334,0.0015981197357177,6,True,zoom,zoom,zoom
86,0.0002501010894775,28,False,spotify,spotify,youtube
267,0.0030388832092285,7,True,zoom,zoom,zoom
1119,0.0044898986816406,35,False,youtube,youtube,zoom
155,0.0,35,False,youtube,youtube,youtube
98,1.811981201171875e-05,35,False,youtube,youtube,youtube
1078,9.5367431640625e-07,7,True,zoom,zoom,zoom
1466,0.0,79,False,firefox,firefox,firefox
86,9.5367431640625e-07,28,False,spotify,spotify,youtube
330,0.0166389942169189,16,True,zoom,zoom,zoom
335,0.0051500797271728,7,True,zoom,zoom,zoom
1176,0.0030040740966796,6,True,zoom,zoom,zoom
1176,0.0005860328674316,6,True,zoom,zoom,zoom
144,0.0064380168914794,7,True,zoom,zoom,zoom
1241,0.0,6,True,zoom,zoom,zoom
1128,0.0028300285339355,6,True,zoom,zoom,zoom
66,0.0005919933319091,3,False,firefox,youtube,google
330,0.0010170936584472,16,True,zoom,zoom,zoom
500,0.4728150367736816,28,False,spotify,spotify,spotify
86,0.0021159648895263,28,False,spotify,spotify,google
1294,0.0011050701141357,35,False,youtube,youtube,youtube
125,0.0,42,False,google,google,google
1175,0.0021378993988037,6,True,zoom,zoom,zoom
1078,9.5367431640625e-07,7,True,zoom,zoom,zoom
66,0.0074939727783203,3,False,firefox,firefox,zoom
348,0.0048480033874511,16,True,zoom,zoom,zoom
1078,0.0007269382476806,7,True,zoom,zoom,zoom
1466,0.0,79,False,firefox,firefox,firefox
343,0.0208261013031005,16,True,zoom,zoom,zoom
771,9.5367431640625e-07,42,False,google,google,youtube
322,0.0085408687591552,16,True,zoom,zoom,zoom
1078,0.0002529621124267,7,True,zoom,zoom,zoom
10804,0.0,35,False,youtube,youtube,youtube
1066,0.0,6,True,zoom,zoom,zoom
144,0.0390679836273193,7,True,zoom,zoom,firefox
1195,0.0,6,True,zoom,zoom,zoom
1115,9.5367431640625e-07,6,True,zoom,zoom,zoom
86,8.58306884765625e-05,35,False,youtube,youtube,google
1262,0.0139760971069335,6,True,zoom,zoom,zoom
86,0.0002038478851318,42,False,google,google,youtube
86,0.000108003616333,35,False,youtube,youtube,spotify
94,0.0004560947418212,42,False,google,google,youtube
1164,0.0148150920867919,6,True,zoom,zoom,zoom
1735,0.0003750324249267,75,False,firefox,firefox,spotify
2114,0.0,79,False,firefox,firefox,firefox
1294,0.0,35,False,youtube,youtube,google
115,0.0040490627288818,1,False,zoom,zoom,zoom
66,0.0004010200500488,44,False,firefox,firefox,firefox
18266,0.0034399032592773,79,False,firefox,firefox,firefox
1256,1.1920928955078125e-06,6,True,zoom,zoom,zoom
86,0.451200008392334,84,False,firefox,firefox,spotify
205,0.0002720355987548,21,True,zoom,zoom,zoom
87,0.0001389980316162,35,True,firefox,firefox,google
86,0.000119924545288,35,False,youtube,youtube,spotify
1252,0.0035109519958496,6,True,zoom,zoom,zoom
1078,0.0040440559387207,7,True,zoom,zoom,zoom
66,0.0001311302185058,44,False,firefox,firefox,firefox
1210,0.0017299652099609,6,True,zoom,zoom,zoom
109,0.0020420551300048,1,False,zoom,zoom,zoom
1078,9.5367431640625e-07,7,True,zoom,zoom,zoom
1101,0.0,6,True,zoom,zoom,zoom
8177,0.0008330345153808,35,False,youtube,youtube,google
66,0.002838134765625,79,False,firefox,firefox,firefox
18266,7.796287536621094e-05,79,False,firefox,firefox,firefox
86,2.9087066650390625e-05,28,False,spotify,spotify,youtube
86,9.5367431640625e-07,42,False,google,google,youtube
145,0.0065770149230957,7,True,zoom,zoom,zoom
1326,0.0047390460968017,6,True,zoom,zoom,zoom
86,0.0027551651000976,21,False,zoom,zoom,spotify
86,0.0012438297271728,35,False,youtube,youtube,youtube
74,0.0028400421142578,0,False,youtube,firefox,firefox
86,5.4836273193359375e-05,35,False,youtube,youtube,google
1078,0.0064730644226074,7,True,zoom,zoom,zoom
1078,0.0,7,True,zoom,zoom,zoom
1251,0.0106160640716552,6,True,zoom,zoom,zoom
1078,0.0,7,True,zoom,zoom,zoom
1078,0.0045928955078125,7,True,zoom,zoom,zoom
278,0.0101521015167236,7,True,zoom,zoom,zoom
4913,0.0001342296600341,28,False,spotify,spotify,youtube
333,0.0008130073547363,16,True,zoom,zoom,zoom
86,0.0030579566955566,35,False,youtube,youtube,google
9802,0.0,35,False,youtube,youtube,youtube
60,0.3111040592193603,28,False,spotify,spotify,spotify
1078,0.0,7,True,zoom,zoom,zoom
1078,0.0001640319824218,7,True,zoom,zoom,zoom
1078,0.007659912109375,7,True,zoom,zoom,zoom
12578,5.960464477539063e-06,35,False,youtube,youtube,youtube
66,0.000180959701538,19,False,youtube,zoom,firefox
1078,0.011409044265747,7,True,zoom,zoom,zoom
1195,0.0002751350402832,6,True,zoom,zoom,zoom
330,0.0073208808898925,7,True,zoom,zoom,zoom
337,0.0074348449707031,7,True,zoom,zoom,zoom
1078,0.0,7,True,zoom,zoom,zoom
151,8.797645568847656e-05,15,True,zoom,zoom,zoom
86,0.0005228519439697,42,False,google,google,youtube
155,0.0,35,False,youtube,youtube,youtube
1139,0.0003669261932373,6,True,zoom,zoom,zoom
86,0.0102920532226562,21,False,zoom,zoom,zoom
272,0.0002040863037109,16,True,zoom,zoom,zoom
94,0.0,35,False,youtube,youtube,youtube
237,0.0,42,False,google,google,zoom
1260,0.0070841312408447,6,True,zoom,zoom,zoom
86,0.0025639533996582,35,False,youtube,youtube,youtube
1294,8.416175842285156e-05,35,False,youtube,youtube,google
137,0.0118107795715332,21,True,zoom,zoom,zoom
862,0.0,35,False,youtube,youtube,google
1078,0.0003740787506103,7,True,zoom,zoom,zoom
1303,0.0014359951019287,6,True,zoom,zoom,zoom
1230,9.5367431640625e-07,28,False,spotify,spotify,zoom
146,0.007369041442871,7,True,zoom,zoom,zoom
490,0.0,35,False,youtube,youtube,spotify
1297,0.0027389526367187,6,True,zoom,zoom,zoom
834,0.0028688907623291,6,True,zoom,zoom,google
1198,0.0095579624176025,6,True,zoom,zoom,zoom
370,0.0002999305725097,42,False,google,google,firefox
169,0.0035970211029052,7,True,zoom,zoom,zoom
147,0.0076608657836914,7,True,zoom,zoom,zoom
1294,0.0,35,False,youtube,youtube,google
5280,0.0002110004425048,35,False,youtube,youtube,youtube
1294,0.0,42,False,google,google,google
1078,0.0048539638519287,7,True,zoom,zoom,zoom
86,0.0001020431518554,28,False,spotify,spotify,spotify
1474,0.0022969245910644,35,False,youtube,youtube,google
130,0.0,6,True,zoom,zoom,zoom
1284,0.0038750171661376,6,True,zoom,zoom,zoom
1078,0.0,7,True,zoom,zoom,zoom
159,0.0059418678283691,16,True,zoom,zoom,zoom
1234,0.0038039684295654,6,True,zoom,zoom,zoom
317,0.0010750293731689,16,True,zoom,zoom,zoom
1044,0.0020978450775146,42,False,google,google,zoom
1294,0.0230410099029541,35,False,youtube,youtube,spotify
1294,0.0,28,False,spotify,spotify,google
1108,0.0,6,True,zoom,zoom,zoom
86,0.0001537799835205,42,False,google,google,google
1078,0.0,7,True,zoom,zoom,zoom
123,0.0089409351348876,15,True,zoom,zoom,google
86,0.0055809020996093,28,False,spotify,spotify,zoom
136,0.0,7,True,zoom,zoom,zoom
1175,0.0,6,True,zoom,zoom,zoom
309,0.0001928806304931,16,True,zoom,zoom,zoom
150,0.0004458427429199,8,False,firefox,firefox,zoom
195,0.0005578994750976,15,True,zoom,zoom,zoom
102,1.1920928955078125e-06,4,True,zoom,zoom,google
1236,0.0,6,True,zoom,zoom,zoom
1147,0.0,6,True,zoom,zoom,zoom
86,0.0,35,False,youtube,youtube,youtube
1261,0.0007491111755371,35,False,youtube,youtube,zoom
170,0.0,35,False,youtube,youtube,spotify
150,0.0095839500427246,7,True,zoom,zoom,zoom
5666,1.1205673217773438e-05,79,False,firefox,firefox,firefox
361,0.0,0,False,youtube,youtube,youtube
1466,0.000133991241455,1,False,firefox,firefox,firefox
1273,9.5367431640625e-07,6,True,zoom,zoom,zoom
331,0.0056750774383544,16,True,zoom,zoom,zoom
153,0.0,79,False,firefox,firefox,firefox
149,0.0005159378051757,16,True,zoom,zoom,zoom
86,0.0047202110290527,35,False,youtube,youtube,spotify
285,0.0017919540405273,7,True,zoom,zoom,zoom
105,0.0004498958587646,10,False,firefox,zoom,firefox
86,0.0003190040588378,42,False,google,google,youtube
9190,0.0,35,False,youtube,youtube,google
80,0.0003750324249267,12,True,spotify,zoom,youtube
1078,0.0001430511474609,7,True,zoom,zoom,zoom
117,0.0080230236053466,42,False,google,google,zoom
1293,9.5367431640625e-07,6,True,zoom,zoom,zoom
1078,0.0,7,True,zoom,zoom,zoom
66,0.0027239322662353,0,False,youtube,youtube,zoom
3710,0.0,28,False,spotify,spotify,youtube
69,0.0161719322204589,13,True,zoom,zoom,zoom
1466,0.0014491081237792,1,False,firefox,firefox,firefox
86,5.0067901611328125e-06,35,False,youtube,youtube,youtube
133,0.0112700462341308,6,True,zoom,zoom,zoom
322,0.0189340114593505,7,True,zoom,zoom,zoom
125,0.0014278888702392,42,False,google,google,google
1295,0.0105030536651611,6,True,zoom,zoom,zoom
835,0.0031239986419677,6,True,zoom,zoom,zoom
1228,0.0100688934326171,6,True,zoom,zoom,zoom
86,1.883506774902344e-05,35,False,youtube,youtube,youtube
86,9.79900360107422e-05,28,False,spotify,spotify,spotify
86,0.3245317935943603,28,False,spotify,spotify,spotify
290,9.5367431640625e-07,79,False,firefox,firefox,firefox
327,0.0010340213775634,16,True,zoom,zoom,zoom
289,0.0095999240875244,16,True,zoom,zoom,zoom
147,0.0065741539001464,7,True,zoom,zoom,zoom
1288,0.0029401779174804,6,True,zoom,zoom,zoom
86,2.5033950805664062e-05,42,False,google,google,youtube
86,1.5974044799804688e-05,42,False,google,google,youtube
1078,0.0001552104949951,7,True,zoom,zoom,zoom
2502,0.0020811557769775,42,False,google,google,google
1078,0.0077099800109863,7,True,zoom,zoom,zoom
1078,0.0080819129943847,7,True,zoom,zoom,zoom
175,0.0056478977203369,16,True,zoom,zoom,zoom
302,0.0131089687347412,16,True,zoom,zoom,zoom
1077,0.0025258064270019,6,True,zoom,zoom,zoom
66,0.0027029514312744,2,False,zoom,zoom,firefox
13966,0.0011861324310302,35,False,youtube,youtube,youtube
1078,9.5367431640625e-07,7,True,zoom,zoom,zoom
18266,0.0001230239868164,79,False,firefox,firefox,firefox
1078,0.0,7,True,zoom,zoom,zoom
3710,0.0012509822845458,42,False,google,google,youtube
86,2.694129943847656e-05,42,False,google,google,youtube
87,0.0078020095825195,18,True,firefox,firefox,google
1078,0.0,7,True,zoom,zoom,zoom
1238,0.002530813217163,6,True,zoom,zoom,zoom
86,0.0,35,False,youtube,youtube,youtube
1078,0.0077340602874755,7,True,zoom,zoom,zoom
86,3.600120544433594e-05,35,False,youtube,youtube,google
1294,1.1920928955078125e-06,35,False,youtube,youtube,youtube
1474,0.0004429817199707,35,False,youtube,youtube,youtube
124,0.0022439956665039,35,False,youtube,youtube,youtube
94,7.390975952148438e-05,35,False,youtube,youtube,google
148,0.0004398822784423,16,True,zoom,zoom,zoom
66,0.0951740741729736,82,False,firefox,firefox,spotify
1078,0.0,7,True,zoom,zoom,zoom
1078,0.0,7,True,zoom,zoom,zoom
1078,0.0001990795135498,7,True,zoom,zoom,zoom
86,3.600120544433594e-05,35,False,youtube,youtube,google
146,0.0174689292907714,7,True,zoom,zoom,zoom
105,0.0004210472106933,44,False,firefox,firefox,firefox
1078,0.0,7,True,zoom,zoom,zoom
320,0.0005249977111816,7,True,zoom,zoom,zoom
1474,0.0002379417419433,42,False,google,google,spotify
135,0.0,1,False,youtube,zoom,zoom
86,0.0013618469238281,35,False,youtube,youtube,zoom
1078,0.0,7,True,zoom,zoom,zoom
1078,0.0,7,True,zoom,zoom,zoom
132,0.0,28,False,spotify,spotify,youtube
4250,0.0013859272003173,35,False,youtube,youtube,youtube
243,0.0008668899536132,35,False,youtube,youtube,zoom
4522,0.0,35,False,youtube,youtube,youtube
1265,0.002000093460083,6,True,zoom,zoom,zoom
66,8.511543273925781e-05,8,False,firefox,firefox,firefox
1158,0.0012788772583007,6,True,zoom,zoom,zoom
137,9.5367431640625e-07,7,True,zoom,zoom,zoom
178,0.0,42,False,google,google,google
1294,0.007761001586914,42,False,google,google,google
1078,0.0,7,True,zoom,zoom,zoom
1078,0.0003988742828369,7,True,zoom,zoom,zoom
13374,0.0,35,False,youtube,youtube,youtube
1234,0.0,6,True,zoom,zoom,zoom
1220,0.0,6,True,zoom,zoom,zoom
86,2.5033950805664062e-05,42,False,google,google,youtube
1248,9.5367431640625e-07,6,True,zoom,zoom,zoom
191,0.0012710094451904,16,True,zoom,zoom,firefox
86,0.0009219646453857,35,False,youtube,youtube,spotify
154,0.0033671855926513,16,True,zoom,zoom,zoom
345,0.0056087970733642,16,True,zoom,zoom,zoom
1296,0.0,6,True,zoom,zoom,zoom
1176,2.1457672119140625e-06,6,True,zoom,zoom,zoom
66,0.0038919448852539,1,False,zoom,zoom,youtube
86,4.8160552978515625e-05,35,False,youtube,youtube,youtube
138,0.0167889595031738,1,False,zoom,zoom,zoom
317,0.0159440040588378,16,True,zoom,zoom,zoom
94,0.001194953918457,35,False,youtube,youtube,youtube
156,0.0071909427642822,7,True,zoom,zoom,zoom
155,0.0066480636596679,16,True,zoom,zoom,zoom
1078,0.0,7,True,zoom,zoom,zoom
18266,0.0023329257965087,79,False,firefox,firefox,firefox
1078,9.5367431640625e-07,7,True,zoom,zoom,zoom
1466,0.0004920959472656,1,False,firefox,firefox,firefox
1078,0.0001468658447265,7,True,zoom,zoom,zoom
1078,0.00836181640625,7,True,zoom,zoom,zoom
1466,0.0,1,False,firefox,firefox,firefox
1294,0.0005919933319091,35,False,youtube,youtube,google
1078,0.0,7,True,zoom,zoom,zoom
1078,0.0097758769989013,7,True,zoom,zoom,zoom
1188,0.0029690265655517,6,True,zoom,zoom,zoom
2250,0.0002939701080322,42,False,google,google,youtube
312,0.00632905960083,16,True,zoom,zoom,zoom
1257,0.0002031326293945,6,True,zoom,zoom,zoom
1294,0.000227928161621,6,True,zoom,zoom,google
315,0.0087401866912841,7,True,zoom,zoom,zoom
1294,0.0,42,False,google,google,google
66,0.003767967224121,1,False,firefox,zoom,youtube
66,0.0013809204101562,26,False,spotify,spotify,zoom
1078,9.5367431640625e-07,7,True,zoom,zoom,zoom
1078,0.000349998474121,7,True,zoom,zoom,zoom
1199,0.0,6,True,zoom,zoom,zoom
315,0.0073661804199218,16,True,zoom,zoom,zoom
86,0.0527420043945312,28,False,spotify,spotify,spotify
1130,0.0,6,True,zoom,zoom,zoom
60,2.2526180744171143,28,False,spotify,spotify,spotify
1078,0.0016660690307617,7,True,zoom,zoom,zoom
132,0.00118088722229,35,False,youtube,youtube,spotify
1225,0.0084779262542724,6,True,zoom,zoom,zoom
324,0.0072548389434814,16,True,zoom,zoom,zoom
106,0.0007209777832031,7,True,zoom,zoom,zoom
1294,0.0005409717559814,42,False,google,google,spotify
136,0.0,7,True,zoom,zoom,zoom
1078,0.0179159641265869,7,True,zoom,zoom,zoom
204,0.0003490447998046,15,True,zoom,zoom,zoom
1294,0.0,42,False,google,google,google
86,0.000133991241455,28,False,spotify,spotify,zoom
1078,0.0001771450042724,7,True,zoom,zoom,zoom
86,2.193450927734375e-05,28,False,spotify,spotify,youtube
18266,0.0020630359649658,79,False,firefox,firefox,firefox
156,0.0170118808746337,7,True,zoom,zoom,zoom
371,0.0001749992370605,42,False,google,google,firefox
43466,0.0,79,False,firefox,firefox,spotify
1263,0.0109820365905761,6,True,zoom,zoom,zoom
66,1.3113021850585938e-05,44,False,firefox,firefox,firefox
1294,0.0,28,False,spotify,spotify,google
86,9.5367431640625e-07,21,False,zoom,zoom,youtube
86,0.0032448768615722,35,False,youtube,youtube,youtube
1294,0.0,35,False,youtube,youtube,google
1078,0.0,7,True,zoom,zoom,zoom
1215,0.0034229755401611,6,True,zoom,zoom,zoom
1078,0.0004911422729492,7,True,zoom,zoom,zoom
1209,0.0,6,True,zoom,zoom,zoom
7026,0.0061559677124023,35,False,youtube,youtube,firefox
105,0.0,3,False,firefox,firefox,firefox
66,0.0001301765441894,44,False,firefox,firefox,firefox
1078,9.5367431640625e-07,7,True,zoom,zoom,zoom
1078,0.0074968338012695,7,True,zoom,zoom,zoom
1078,0.0,7,True,zoom,zoom,zoom
1294,0.0,6,True,zoom,zoom,google
1078,0.0,7,True,zoom,zoom,zoom
1294,0.0,35,False,youtube,youtube,google
1466,0.0,1,False,firefox,firefox,firefox
1078,0.0005390644073486,7,True,zoom,zoom,zoom
1284,0.0,6,True,zoom,zoom,zoom
86,0.000108003616333,42,False,google,google,spotify
1078,0.0,7,True,zoom,zoom,zoom
1265,0.0,6,True,zoom,zoom,zoom
332,0.0085210800170898,16,True,zoom,zoom,zoom
1206,0.0010781288146972,6,True,zoom,zoom,zoom
1078,0.0071089267730712,7,True,zoom,zoom,zoom
7026,0.0018041133880615,35,False,youtube,youtube,youtube
66,0.0,81,False,firefox,firefox,firefox
86,3.695487976074219e-05,28,False,spotify,spotify,google
1474,0.3116531372070312,42,False,google,google,spotify
1245,0.0,6,True,zoom,zoom,zoom
1294,0.0,35,False,youtube,youtube,google
117,0.0002729892730712,42,False,google,google,youtube
66,7.605552673339844e-05,13,False,firefox,firefox,firefox
66,9.894371032714844e-05,44,False,firefox,firefox,firefox
1078,0.0158350467681884,7,True,zoom,zoom,zoom
86,2.9087066650390625e-05,28,False,spotify,spotify,youtube
66,2.408027648925781e-05,8,False,firefox,firefox,firefox
1244,0.0042588710784912,6,True,zoom,zoom,zoom
1078,0.0,7,True,zoom,zoom,zoom
86,1.2159347534179688e-05,28,False,spotify,spotify,spotify
86,0.0002748966217041,35,False,youtube,youtube,youtube
86,0.0026731491088867,42,False,google,google,spotify
144,0.0154001712799072,7,True,zoom,zoom,zoom
1924,0.0032789707183837,28,False,spotify,spotify,youtube
86,0.0001118183135986,21,False,zoom,zoom,google
1078,0.0,7,True,zoom,zoom,zoom
8466,0.0,79,False,firefox,firefox,firefox
86,7.152557373046875e-06,28,False,spotify,spotify,youtube
4293,0.0,42,False,google,google,youtube
1078,0.0,7,True,zoom,zoom,zoom
106,0.0023410320281982,16,True,zoom,zoom,zoom
210,0.0009758472442626,7,True,zoom,zoom,zoom
150,0.0161740779876709,7,True,zoom,zoom,zoom
18266,4.100799560546875e-05,79,False,firefox,firefox,firefox
1082,0.0,6,True,zoom,zoom,zoom
66,0.0,3,False,firefox,firefox,firefox
66,3.790855407714844e-05,79,False,firefox,firefox,zoom
1968,0.0007460117340087,44,False,firefox,firefox,firefox
2742,0.0,6,False,firefox,firefox,youtube
1157,0.0018270015716552,6,True,zoom,zoom,zoom
1474,0.0004210472106933,42,False,google,google,google
1189,0.0037488937377929,6,True,zoom,zoom,zoom
1474,0.0037651062011718,35,False,youtube,youtube,google
521,0.0023128986358642,35,False,youtube,youtube,youtube
86,8.916854858398438e-05,35,False,youtube,youtube,spotify
86,3.2901763916015625e-05,35,False,youtube,youtube,google
1968,0.0021760463714599,46,False,firefox,firefox,firefox
94,9.608268737792967e-05,35,False,youtube,youtube,youtube
1294,0.0,28,False,spotify,spotify,google
86,0.000295877456665,35,False,youtube,youtube,spotify
1248,0.0020151138305664,6,True,zoom,zoom,zoom
86,2.312660217285156e-05,21,False,zoom,zoom,youtube
147,0.0059421062469482,7,True,zoom,zoom,zoom
86,1.9073486328125e-05,42,False,google,google,youtube
66,4.0531158447265625e-06,44,False,firefox,firefox,firefox
106,0.0060739517211914,7,True,zoom,zoom,zoom
302,7.891654968261719e-05,35,False,youtube,youtube,youtube
1474,0.001147985458374,35,False,youtube,youtube,google
179,0.0014379024505615,35,False,youtube,youtube,youtube
1294,9.5367431640625e-07,35,False,youtube,youtube,youtube
1294,0.0,28,False,spotify,spotify,google
1233,0.0,6,True,zoom,zoom,zoom
1078,0.0,7,True,zoom,zoom,zoom
1155,0.0007579326629638,6,True,zoom,zoom,zoom
331,0.0013020038604736,16,True,zoom,zoom,zoom
1078,0.0008189678192138,7,True,zoom,zoom,zoom
1294,0.0,35,False,youtube,youtube,google
1198,0.013603925704956,6,True,zoom,zoom,zoom
386,9.5367431640625e-07,28,False,spotify,spotify,youtube
1474,0.0003061294555664,42,False,google,google,spotify
1085,0.0179710388183593,7,True,zoom,zoom,zoom
1078,0.0082960128784179,7,True,zoom,zoom,zoom
86,2.694129943847656e-05,28,False,spotify,spotify,youtube
1306,9.5367431640625e-07,6,True,zoom,zoom,zoom
5638,0.0011451244354248,35,False,youtube,youtube,youtube
271,0.0065960884094238,7,True,zoom,zoom,zoom
151,0.0001139640808105,13,True,zoom,zoom,zoom
1173,0.0020868778228759,6,True,zoom,zoom,zoom
1294,0.0,6,True,zoom,zoom,google
7026,0.0020761489868164,35,False,youtube,youtube,youtube
97,0.0,1,False,firefox,zoom,firefox
86,9.5367431640625e-07,28,False,spotify,spotify,youtube
143,0.0099101066589355,16,True,zoom,zoom,zoom
158,0.0089108943939208,16,True,zoom,zoom,zoom
1273,0.0037519931793212,6,True,zoom,zoom,zoom
500,0.2503819465637207,10,False,firefox,spotify,spotify
76,0.0002360343933105,13,True,zoom,zoom,zoom
1294,0.0,35,False,youtube,youtube,google
1294,0.0,42,False,google,google,google
1301,9.5367431640625e-07,6,True,zoom,zoom,zoom
1078,0.0,7,True,zoom,zoom,zoom
86,9.012222290039062e-05,28,False,spotify,spotify,youtube
267,0.0003747940063476,16,True,zoom,zoom,zoom
1466,0.0,79,False,firefox,firefox,firefox
1151,9.5367431640625e-07,6,True,zoom,zoom,zoom
86,0.0,35,False,youtube,youtube,youtube
86,0.0001430511474609,35,False,youtube,youtube,spotify
1078,1.1920928955078125e-06,7,True,zoom,zoom,zoom
1078,0.0,7,True,zoom,zoom,zoom
1297,0.0,6,True,zoom,zoom,zoom
66,2.8848648071289062e-05,8,False,firefox,firefox,firefox
150,0.007951021194458,7,True,zoom,zoom,zoom
337,0.0088148117065429,16,True,zoom,zoom,zoom
72,0.0008981227874755,8,False,firefox,firefox,google
1010,0.0,6,True,zoom,zoom,youtube
1269,0.0,6,True,zoom,zoom,zoom
1213,0.0,6,True,zoom,zoom,zoom
136,0.0019211769104003,7,True,zoom,zoom,zoom
146,0.0069470405578613,7,True,zoom,zoom,zoom
32565,0.005307912826538,28,False,spotify,spotify,firefox
86,0.0012531280517578,35,False,youtube,youtube,youtube
124,0.0,35,False,youtube,youtube,youtube
268,0.000349998474121,35,False,youtube,youtube,zoom
1078,0.0176048278808593,7,True,zoom,zoom,zoom
1190,0.0070130825042724,6,True,zoom,zoom,zoom
1210,0.0,6,True,zoom,zoom,zoom
1175,0.0,6,True,zoom,zoom,zoom
86,0.0096230506896972,28,False,spotify,spotify,google
1078,0.0,7,True,zoom,zoom,zoom
1078,0.0,7,True,zoom,zoom,zoom
338,0.0001060962677001,16,True,zoom,zoom,zoom
360,0.0133380889892578,16,True,zoom,zoom,zoom
160,0.0042369365692138,42,False,google,google,zoom
134,0.0,1,False,zoom,zoom,zoom
147,0.0042290687561035,7,True,zoom,zoom,zoom
1474,0.0,35,False,youtube,youtube,youtube
128,0.00071382522583,35,False,youtube,youtube,youtube
314,0.0828008651733398,42,False,google,google,firefox
1078,0.0,7,True,zoom,zoom,zoom
106,0.0120630264282226,7,True,zoom,zoom,zoom
1213,9.5367431640625e-07,6,True,zoom,zoom,zoom
86,3.719329833984375e-05,35,False,youtube,youtube,spotify
1078,0.0,7,True,zoom,zoom,zoom
123,0.004418134689331,15,True,zoom,zoom,zoom
1078,0.006192922592163,7,True,zoom,zoom,zoom
1078,0.0034980773925781,7,True,zoom,zoom,zoom
1294,0.0,35,False,youtube,youtube,google
7066,1.5020370483398438e-05,79,False,firefox,firefox,youtube
1151,0.0,6,True,zoom,zoom,zoom
145,0.0,7,True,zoom,zoom,zoom
750,0.0003399848937988,1,False,google,firefox,youtube
1078,0.0,7,True,zoom,zoom,zoom
400,0.0020229816436767,35,False,youtube,youtube,youtube
1078,0.0094871520996093,7,True,zoom,zoom,zoom
1078,0.0001630783081054,7,True,zoom,zoom,zoom
86,0.0162050724029541,35,False,youtube,youtube,google
1237,0.0026729106903076,6,True,zoom,zoom,zoom
1078,0.0,7,True,zoom,zoom,zoom
316,0.0005631446838378,16,True,zoom,zoom,zoom
66,0.0047662258148193,1,False,zoom,zoom,zoom
336,0.0,7,True,zoom,zoom,zoom
312,0.0028159618377685,16,True,zoom,zoom,zoom
125,0.0,42,False,google,google,google
163,0.0067889690399169,7,True,zoom,zoom,zoom
132,0.0,35,False,youtube,youtube,youtube
86,0.0,35,False,youtube,youtube,youtube
203,0.001878023147583,16,True,zoom,zoom,zoom
1078,0.0,7,True,zoom,zoom,zoom
86,1.5974044799804688e-05,35,False,youtube,youtube,youtube
278,0.0012710094451904,35,False,youtube,youtube,zoom
9190,0.0,35,False,youtube,youtube,google
86,3.0040740966796875e-05,28,False,spotify,spotify,spotify
1237,0.0009779930114746,6,True,zoom,zoom,zoom
84,8.988380432128906e-05,7,True,google,spotify,google
1078,0.0,7,True,zoom,zoom,zoom
1294,0.0,35,False,youtube,youtube,google
2476,0.0,35,False,youtube,youtube,google
1295,0.0006659030914306,6,True,zoom,zoom,google
315,0.0157549381256103,7,True,zoom,zoom,zoom
1466,0.0,1,False,firefox,firefox,firefox
4250,0.0,35,False,youtube,youtube,youtube
1294,0.0015292167663574,42,False,google,google,google
12578,0.0013899803161621,35,False,youtube,youtube,youtube
1078,0.0,7,True,zoom,zoom,zoom
1294,0.0013799667358398,84,True,firefox,firefox,firefox
1309,0.0034751892089843,6,True,zoom,zoom,zoom
32702,3.1948089599609375e-05,35,False,youtube,youtube,firefox
86,3.1948089599609375e-05,35,False,youtube,youtube,youtube
86,4.100799560546875e-05,42,False,google,google,google
1078,0.0,7,True,zoom,zoom,zoom
1078,0.0002379417419433,7,True,zoom,zoom,zoom
66,0.0034589767456054,2,False,zoom,zoom,zoom
1078,9.5367431640625e-07,7,True,zoom,zoom,zoom
310,0.0031499862670898,16,True,zoom,zoom,zoom
1078,0.0008208751678466,7,True,zoom,zoom,zoom
1294,0.0022730827331542,42,False,google,google,google
145,0.0021169185638427,1,False,zoom,zoom,zoom
86,4.291534423828125e-05,35,False,youtube,youtube,spotify
1078,0.0,7,True,zoom,zoom,zoom
1078,0.0,7,True,zoom,zoom,zoom
98,0.0001049041748046,42,False,google,google,google
325,0.0024299621582031,16,True,zoom,zoom,zoom
316,0.0145399570465087,16,True,zoom,zoom,zoom
1078,0.0,7,True,zoom,zoom,zoom
303,0.0106940269470214,7,True,zoom,zoom,zoom
1078,0.0,7,True,zoom,zoom,zoom
66,0.0002880096435546,8,False,firefox,firefox,firefox
1078,0.0071630477905273,7,True,zoom,zoom,zoom
86,0.0,42,False,google,google,youtube
101,0.0018708705902099,44,False,firefox,firefox,google
86,0.0087740421295166,28,False,spotify,spotify,youtube
332,0.0112700462341308,16,True,zoom,zoom,zoom
1294,0.0,42,False,google,google,google
455,0.0038261413574218,42,False,google,google,zoom
86,3.695487976074219e-05,35,False,youtube,youtube,google
66,0.000525951385498,79,False,firefox,firefox,firefox
1294,0.0,35,False,youtube,youtube,google
86,0.003662109375,42,False,google,google,google
66,5.960464477539063e-06,10,False,firefox,zoom,firefox
155,0.0066580772399902,7,True,zoom,zoom,zoom
1078,0.0,7,True,zoom,zoom,zoom
289,0.0030241012573242,7,True,zoom,zoom,zoom
1078,0.0,7,True,zoom,zoom,zoom
1078,0.0,7,True,zoom,zoom,zoom
285,0.0006690025329589,16,True,zoom,zoom,youtube
66,0.0069761276245117,1,False,zoom,youtube,firefox
86,5.507469177246094e-05,35,False,youtube,youtube,google
1175,0.0,6,True,zoom,zoom,zoom
15917,0.000105857849121,21,False,zoom,zoom,firefox
1274,0.0033988952636718,6,True,zoom,zoom,zoom
1247,0.0,6,True,zoom,zoom,zoom
849,0.0005378723144531,42,False,google,google,spotify
66,4.696846008300781e-05,7,False,firefox,firefox,youtube
86,0.0029349327087402,28,False,spotify,spotify,spotify
317,0.0010550022125244,7,True,zoom,zoom,zoom
1078,0.0,7,True,zoom,zoom,zoom
1239,9.5367431640625e-07,6,True,zoom,zoom,zoom
1294,0.0,42,False,google,google,google
487,0.0001008510589599,42,False,google,google,google
1078,0.000533103942871,7,True,zoom,zoom,zoom
86,0.0,35,False,youtube,youtube,youtube
154,0.0060429573059082,16,True,zoom,zoom,zoom
105,0.000133991241455,44,False,firefox,firefox,firefox
1466,0.0,1,False,firefox,firefox,firefox
281,0.0068590641021728,7,True,zoom,zoom,zoom
132,0.0,35,False,youtube,youtube,youtube
86,0.0023820400238037,21,False,zoom,zoom,youtube
86,0.0017919540405273,42,False,google,google,youtube
1078,0.0,7,True,zoom,zoom,zoom
1078,0.0,7,True,zoom,zoom,zoom
137,0.0051841735839843,7,True,zoom,zoom,zoom
1198,0.0,6,True,zoom,zoom,zoom
86,0.0001680850982666,35,False,youtube,youtube,youtube
116,0.0001001358032226,10,False,zoom,zoom,google
86,0.0030839443206787,42,False,google,google,youtube
86,0.0,35,False,youtube,youtube,youtube
2502,0.0,42,False,google,google,google
86,2.312660217285156e-05,35,False,youtube,youtube,youtube
369,0.0015020370483398,21,True,zoom,zoom,youtube
341,0.0067720413208007,7,True,zoom,zoom,zoom
66,3.719329833984375e-05,8,False,firefox,firefox,firefox
154,0.0126800537109375,16,True,zoom,zoom,zoom
151,0.0065670013427734,7,True,zoom,zoom,zoom
66,3.695487976074219e-05,46,False,firefox,firefox,firefox
1474,0.0010521411895751,35,False,youtube,youtube,youtube
1127,0.0,6,True,zoom,zoom,zoom
66,2.002716064453125e-05,44,False,firefox,firefox,firefox
1078,5.4836273193359375e-05,7,True,zoom,zoom,zoom
14066,0.0002589225769042,79,False,firefox,firefox,firefox
86,0.0,35,False,youtube,youtube,youtube
105,0.0002739429473876,44,False,firefox,firefox,firefox
161,0.0224561691284179,16,True,zoom,zoom,zoom
350,0.0013298988342285,16,True,zoom,zoom,google
201,0.0006599426269531,44,False,firefox,firefox,firefox
66,7.987022399902344e-05,0,False,firefox,google,firefox
66,1.2874603271484377e-05,44,False,firefox,firefox,firefox
154,0.0068178176879882,7,True,zoom,zoom,zoom
1294,0.0,42,False,google,google,google
249,0.0002610683441162,7,True,zoom,zoom,zoom
86,0.0,28,False,spotify,spotify,youtube
1248,0.0005052089691162,6,True,zoom,zoom,zoom
66,0.0006411075592041,44,False,firefox,firefox,zoom
1078,0.0115759372711181,7,True,zoom,zoom,zoom
87,0.0288708209991455,4,True,google,google,google
145,0.0017549991607666,1,False,zoom,zoom,zoom
118,0.0,42,False,google,google,google
146,0.000148057937622,16,True,zoom,zoom,zoom
144,0.0192391872406005,7,True,zoom,zoom,zoom
674,0.0061240196228027,28,False,spotify,spotify,spotify
86,5.1021575927734375e-05,28,False,spotify,spotify,youtube
158,0.0038428306579589,16,True,zoom,zoom,zoom
1078,0.0094678401947021,7,True,zoom,zoom,zoom
86,2.5987625122070312e-05,28,False,spotify,spotify,spotify
1078,0.0013010501861572,7,True,zoom,zoom,zoom
1266,0.0,6,True,zoom,zoom,zoom
86,0.0073270797729492,8,True,zoom,zoom,youtube
1294,0.1257250308990478,84,True,firefox,firefox,google
66,3.1948089599609375e-05,45,False,firefox,firefox,firefox
8365,0.0,79,False,firefox,firefox,google
1284,0.0,6,True,zoom,zoom,zoom
1078,0.0164039134979248,7,True,zoom,zoom,zoom
1078,0.0,7,True,zoom,zoom,zoom
1078,0.0063240528106689,7,True,zoom,zoom,zoom
94,0.0010230541229248,35,False,youtube,youtube,google
94,0.0006818771362304,42,False,google,google,youtube
1282,0.0,6,True,zoom,zoom,zoom
309,0.0021290779113769,16,True,zoom,zoom,zoom
1225,0.0005481243133544,6,True,zoom,zoom,zoom
1078,0.0,7,True,zoom,zoom,zoom
1078,0.0069160461425781,7,True,zoom,zoom,zoom
1078,0.0,7,True,zoom,zoom,zoom
1294,0.0024981498718261,42,False,google,google,google
86,0.0,42,False,google,google,youtube
1180,0.0001289844512939,6,True,zoom,zoom,zoom
86,1.5020370483398438e-05,35,False,youtube,youtube,youtube
14066,8.797645568847656e-05,79,False,firefox,firefox,firefox
66,0.0001659393310546,44,False,firefox,firefox,firefox
1078,0.0004718303680419,7,True,zoom,zoom,zoom
843,0.0,42,False,google,google,google
321,9.5367431640625e-07,7,True,zoom,zoom,zoom
86,0.0003020763397216,28,False,spotify,spotify,youtube
326,0.0258970260620117,16,True,zoom,zoom,spotify
318,0.0036540031433105,16,True,zoom,zoom,zoom
1078,0.0,7,True,zoom,zoom,zoom
1186,0.0,6,True,zoom,zoom,zoom
1078,0.0,7,True,zoom,zoom,zoom
1228,0.0,6,True,zoom,zoom,zoom
5523,0.0,1,False,firefox,firefox,firefox
94,0.0041639804840087,42,False,google,google,firefox
86,1.6927719116210938e-05,28,False,spotify,spotify,youtube
145,0.0011420249938964,7,True,zoom,zoom,zoom
125,0.0003027915954589,42,False,google,google,google
1283,0.0,6,True,zoom,zoom,zoom
66,7.104873657226562e-05,44,False,firefox,firefox,firefox
86,1.4066696166992188e-05,21,False,zoom,zoom,youtube
986,6.9141387939453125e-06,42,False,google,google,youtube
147,0.0,7,True,zoom,zoom,zoom
1078,0.0019309520721435,7,True,zoom,zoom,zoom
1294,0.0,42,False,google,google,google
1294,0.0,42,False,google,google,google
1197,0.0,6,True,zoom,zoom,zoom
86,4.601478576660156e-05,28,False,spotify,spotify,youtube
1078,0.0,7,True,zoom,zoom,zoom
1466,0.0,79,False,firefox,firefox,firefox
1078,1.1920928955078125e-06,7,True,zoom,zoom,zoom
86,0.0001728534698486,35,False,youtube,youtube,spotify
86,3.814697265625e-06,35,False,youtube,youtube,youtube
123,0.0002760887145996,16,True,zoom,zoom,zoom
9750,0.0,35,False,youtube,youtube,google
1078,0.0,7,True,zoom,zoom,zoom
1294,0.0,35,False,youtube,youtube,google
86,0.000303030014038,35,False,youtube,youtube,youtube
1078,0.0,7,True,zoom,zoom,zoom
66,0.0005300045013427,1,False,zoom,zoom,firefox
117,0.0001909732818603,42,False,google,google,google
86,0.0013530254364013,35,False,youtube,youtube,zoom
86,0.4500129222869873,28,False,spotify,spotify,spotify
125,0.0026750564575195,42,False,google,google,google
109,0.0009491443634033,10,False,zoom,zoom,zoom
66,1.6927719116210938e-05,44,False,firefox,firefox,firefox
2862,0.0009589195251464,35,False,youtube,youtube,youtube
86,2.384185791015625e-05,35,False,youtube,youtube,youtube
1078,0.0004799365997314,7,True,zoom,zoom,zoom
86,4.506111145019531e-05,35,False,youtube,youtube,youtube
86,5.698204040527344e-05,35,False,youtube,youtube,google
1078,0.0,7,True,zoom,zoom,zoom
1078,-2.5033950805664062e-05,7,True,zoom,zoom,zoom
1294,0.0010769367218017,42,False,google,google,google
1078,0.0068750381469726,7,True,zoom,zoom,zoom
1194,0.0003678798675537,6,True,zoom,zoom,zoom
320,0.0100290775299072,16,True,zoom,zoom,zoom
8229,0.0,42,False,google,google,google
4007,0.0046291351318359,28,False,spotify,spotify,youtube
90,0.0003092288970947,45,False,firefox,firefox,google
86,5.507469177246094e-05,35,False,youtube,youtube,google
151,0.0091910362243652,16,True,zoom,zoom,zoom
1225,0.0091700553894042,6,True,zoom,zoom,zoom
132,0.0047681331634521,35,False,youtube,youtube,youtube
1078,0.0,7,True,zoom,zoom,zoom
1180,0.0,6,True,zoom,zoom,zoom
86,0.002756118774414,35,False,youtube,youtube,spotify
86,6.008148193359375e-05,35,False,youtube,youtube,youtube
144,0.0144970417022705,16,True,zoom,zoom,zoom
140,0.0,35,False,youtube,youtube,google
66,1.811981201171875e-05,44,False,firefox,firefox,firefox
1175,0.0018889904022216,6,True,zoom,zoom,zoom
135,0.0,0,False,youtube,google,zoom
4250,0.0,35,False,youtube,youtube,youtube
94,0.007004976272583,42,False,google,google,google
2476,1.9073486328125e-05,35,False,youtube,youtube,youtube
66,8.702278137207031e-05,44,False,firefox,firefox,firefox
1078,0.0,7,True,zoom,zoom,zoom
116,0.0002009868621826,10,False,zoom,zoom,zoom
332,0.0045700073242187,16,True,zoom,zoom,zoom
66,2.002716064453125e-05,10,False,zoom,zoom,firefox
125,0.0006759166717529,42,False,google,google,google
1078,0.0,7,True,zoom,zoom,zoom
1078,0.0009357929229736,7,True,zoom,zoom,zoom
1078,9.5367431640625e-07,7,True,zoom,zoom,zoom
86,0.0,35,False,youtube,youtube,youtube
86,1.3113021850585938e-05,42,False,google,google,youtube
66,0.01863694190979,2,False,firefox,zoom,zoom
1245,0.0,6,True,zoom,zoom,zoom
150,0.0174970626831054,7,True,zoom,zoom,zoom
1078,0.0007529258728027,7,True,zoom,zoom,zoom
1078,0.0163459777832031,7,True,zoom,zoom,zoom
86,2.408027648925781e-05,35,False,youtube,youtube,youtube
133,0.0013320446014404,3,True,zoom,zoom,zoom
314,0.0127139091491699,16,True,zoom,zoom,zoom
86,3.504753112792969e-05,28,False,spotify,spotify,spotify
1078,0.0,7,True,zoom,zoom,zoom
123,0.0174281597137451,7,True,zoom,zoom,zoom
309,0.0077970027923583,7,True,zoom,zoom,zoom
66,0.000256061553955,44,False,firefox,firefox,firefox
66,0.0038859844207763,79,False,firefox,firefox,youtube
98,0.0,42,False,google,google,google
1474,0.0,35,False,youtube,youtube,youtube
1078,0.0,7,True,zoom,zoom,zoom
125,0.0,42,False,google,google,google
86,0.496959924697876,28,False,spotify,spotify,spotify
86,0.0101208686828613,35,False,youtube,youtube,spotify
33666,0.0004739761352539,79,False,firefox,firefox,youtube
18266,0.0002880096435546,79,False,firefox,firefox,firefox
1294,0.0,42,False,google,google,google
1233,0.0058560371398925,6,True,zoom,zoom,zoom
1078,0.0,7,True,zoom,zoom,zoom
1276,0.0059380531311035,6,True,zoom,zoom,zoom
1178,1.1920928955078125e-06,6,True,zoom,zoom,zoom
1078,0.0012729167938232,7,True,zoom,zoom,zoom
135,0.0088231563568115,1,False,youtube,zoom,zoom
1078,0.0,7,True,zoom,zoom,zoom
66,3.409385681152344e-05,44,False,firefox,firefox,firefox
66,0.0024769306182861,0,False,google,google,google
1078,0.0088789463043212,7,True,zoom,zoom,zoom
1154,0.0096900463104248,6,True,zoom,zoom,zoom
179,0.0017981529235839,35,False,youtube,youtube,zoom
130,0.0009210109710693,42,False,google,google,firefox
86,0.0098330974578857,35,False,youtube,youtube,zoom
350,0.00164794921875,44,False,firefox,firefox,zoom
1234,0.0029129981994628,6,True,zoom,zoom,zoom
124,9.5367431640625e-07,35,False,youtube,youtube,youtube
403,0.0004229545593261,42,False,google,google,firefox
178,0.0192267894744873,7,True,zoom,zoom,zoom
271,0.0009870529174804,3,False,youtube,youtube,zoom
86,0.0002501010894775,21,False,zoom,zoom,youtube
86,5.197525024414063e-05,35,False,youtube,youtube,youtube
1078,0.0,7,True,zoom,zoom,zoom
33012,0.003572940826416,35,False,youtube,youtube,firefox
66,8.988380432128906e-05,44,False,firefox,firefox,firefox
124,0.0,35,False,youtube,youtube,youtube
312,0.022346019744873,42,False,google,google,zoom
1222,0.004026174545288,6,True,zoom,zoom,zoom
1474,0.0049400329589843,35,False,youtube,youtube,spotify
1010,0.0,6,True,zoom,zoom,youtube
60,0.0,28,False,spotify,spotify,spotify
1303,0.0005009174346923,6,True,zoom,zoom,zoom
1181,0.0029940605163574,6,True,zoom,zoom,zoom
154,0.0002200603485107,18,False,zoom,zoom,zoom
1179,0.0037868022918701,6,True,zoom,zoom,zoom
1078,0.0099420547485351,7,True,zoom,zoom,zoom
